{
    "name": "root",
    "gauges": {
        "CarBehaviour.Policy.Entropy.mean": {
            "value": 1.6482832431793213,
            "min": 1.5535593032836914,
            "max": 2.1921868324279785,
            "count": 50
        },
        "CarBehaviour.Policy.Entropy.sum": {
            "value": 16868.53125,
            "min": 15344.5048828125,
            "max": 23202.10546875,
            "count": 50
        },
        "CarBehaviour.Step.mean": {
            "value": 499922.0,
            "min": 9944.0,
            "max": 499922.0,
            "count": 50
        },
        "CarBehaviour.Step.sum": {
            "value": 499922.0,
            "min": 9944.0,
            "max": 499922.0,
            "count": 50
        },
        "CarBehaviour.Policy.ExtrinsicValueEstimate.mean": {
            "value": -3.6922152042388916,
            "min": -4.218540191650391,
            "max": 0.12213844060897827,
            "count": 50
        },
        "CarBehaviour.Policy.ExtrinsicValueEstimate.sum": {
            "value": -306.453857421875,
            "min": -337.48321533203125,
            "max": 9.771075248718262,
            "count": 50
        },
        "CarBehaviour.Policy.GailValueEstimate.mean": {
            "value": 23.957304000854492,
            "min": -0.22000667452812195,
            "max": 38.03240203857422,
            "count": 50
        },
        "CarBehaviour.Policy.GailValueEstimate.sum": {
            "value": 1988.456298828125,
            "min": -17.38052749633789,
            "max": 3042.59228515625,
            "count": 50
        },
        "CarBehaviour.Environment.EpisodeLength.mean": {
            "value": 931.1666666666666,
            "min": 931.1666666666666,
            "max": 999.0,
            "count": 50
        },
        "CarBehaviour.Environment.EpisodeLength.sum": {
            "value": 11174.0,
            "min": 6928.0,
            "max": 13986.0,
            "count": 50
        },
        "CarBehaviour.Environment.CumulativeReward.mean": {
            "value": -134.51328974962234,
            "min": -202.25965068489313,
            "max": 1.0,
            "count": 50
        },
        "CarBehaviour.Environment.CumulativeReward.sum": {
            "value": -1614.1594769954681,
            "min": -1718.5709618031979,
            "max": 7.0,
            "count": 50
        },
        "CarBehaviour.Policy.ExtrinsicReward.mean": {
            "value": -40.35398927517235,
            "min": -60.67789801489562,
            "max": 0.30000001192092896,
            "count": 50
        },
        "CarBehaviour.Policy.ExtrinsicReward.sum": {
            "value": -484.24787130206823,
            "min": -515.5713144540787,
            "max": 2.1000000834465027,
            "count": 50
        },
        "CarBehaviour.Policy.GailReward.mean": {
            "value": 267.4204418261846,
            "min": 222.13134348392487,
            "max": 687.9933776855469,
            "count": 50
        },
        "CarBehaviour.Policy.GailReward.sum": {
            "value": 3209.045301914215,
            "min": 1777.050747871399,
            "max": 8087.075637817383,
            "count": 50
        },
        "CarBehaviour.IsTraining.mean": {
            "value": 1.0,
            "min": 1.0,
            "max": 1.0,
            "count": 50
        },
        "CarBehaviour.IsTraining.sum": {
            "value": 1.0,
            "min": 1.0,
            "max": 1.0,
            "count": 50
        },
        "CarBehaviour.Losses.PolicyLoss.mean": {
            "value": 0.019992965552955867,
            "min": 0.009258199797477574,
            "max": 0.02568908901885152,
            "count": 48
        },
        "CarBehaviour.Losses.PolicyLoss.sum": {
            "value": 0.019992965552955867,
            "min": 0.009258199797477574,
            "max": 0.02568908901885152,
            "count": 48
        },
        "CarBehaviour.Losses.ValueLoss.mean": {
            "value": 21.881862131754556,
            "min": 21.881862131754556,
            "max": 268.9573120117187,
            "count": 48
        },
        "CarBehaviour.Losses.ValueLoss.sum": {
            "value": 21.881862131754556,
            "min": 21.881862131754556,
            "max": 268.9573120117187,
            "count": 48
        },
        "CarBehaviour.Policy.LearningRate.mean": {
            "value": 0.00028503669498777,
            "min": 0.00028503669498777,
            "max": 0.00029968248010584,
            "count": 48
        },
        "CarBehaviour.Policy.LearningRate.sum": {
            "value": 0.00028503669498777,
            "min": 0.00028503669498777,
            "max": 0.00029968248010584,
            "count": 48
        },
        "CarBehaviour.Policy.Epsilon.mean": {
            "value": 0.19501223000000006,
            "min": 0.19501223000000006,
            "max": 0.19989416,
            "count": 48
        },
        "CarBehaviour.Policy.Epsilon.sum": {
            "value": 0.19501223000000006,
            "min": 0.19501223000000006,
            "max": 0.19989416,
            "count": 48
        },
        "CarBehaviour.Policy.Beta.mean": {
            "value": 0.0004755599269999999,
            "min": 0.0004755599269999999,
            "max": 0.0004994813839999998,
            "count": 48
        },
        "CarBehaviour.Policy.Beta.sum": {
            "value": 0.0004755599269999999,
            "min": 0.0004755599269999999,
            "max": 0.0004994813839999998,
            "count": 48
        },
        "CarBehaviour.Policy.GAILPolicyEstimate.mean": {
            "value": 0.218618443608284,
            "min": 0.19636995792388917,
            "max": 0.4675664226214091,
            "count": 48
        },
        "CarBehaviour.Policy.GAILPolicyEstimate.sum": {
            "value": 0.218618443608284,
            "min": 0.19636995792388917,
            "max": 0.4675664226214091,
            "count": 48
        },
        "CarBehaviour.Policy.GAILExpertEstimate.mean": {
            "value": 0.7499707460403442,
            "min": 0.6709854125976562,
            "max": 0.8439642071723938,
            "count": 48
        },
        "CarBehaviour.Policy.GAILExpertEstimate.sum": {
            "value": 0.7499707460403442,
            "min": 0.6709854125976562,
            "max": 0.8439642071723938,
            "count": 48
        },
        "CarBehaviour.Losses.GAILLoss.mean": {
            "value": 0.5818772236506145,
            "min": 0.5516653299331665,
            "max": 0.9458967049916586,
            "count": 48
        },
        "CarBehaviour.Losses.GAILLoss.sum": {
            "value": 0.5818772236506145,
            "min": 0.5516653299331665,
            "max": 0.9458967049916586,
            "count": 48
        },
        "CarBehaviour.Policy.GAILGradMagLoss.mean": {
            "value": 0.11831624855597814,
            "min": 0.10355616062879562,
            "max": 9.436375617980957,
            "count": 48
        },
        "CarBehaviour.Policy.GAILGradMagLoss.sum": {
            "value": 0.11831624855597814,
            "min": 0.10355616062879562,
            "max": 9.436375617980957,
            "count": 48
        },
        "CarBehaviour.Losses.PretrainingLoss.mean": {
            "value": 0.0,
            "min": 0.0,
            "max": 1.049518624941508,
            "count": 48
        },
        "CarBehaviour.Losses.PretrainingLoss.sum": {
            "value": 0.0,
            "min": 0.0,
            "max": 1.049518624941508,
            "count": 48
        }
    },
    "metadata": {
        "timer_format_version": "0.1.0",
        "start_time_seconds": "1713974254",
        "python_version": "3.9.13 (tags/v3.9.13:6de2ca5, May 17 2022, 16:36:42) [MSC v.1929 64 bit (AMD64)]",
        "command_line_arguments": "D:\\unity\\gammmm\\Copy-Car\\venv\\Scripts\\mlagents-learn config/carBehaviour.yaml --run-id=no HB 6 --time-scale 9",
        "mlagents_version": "0.30.0",
        "mlagents_envs_version": "0.30.0",