{
    "name": "root",
    "metadata": {
        "timer_format_version": "0.1.0",
        "start_time_seconds": "1710082406",
        "python_version": "3.8.10 (tags/v3.8.10:3d8993a, May  3 2021, 11:48:03) [MSC v.1928 64 bit (AMD64)]",
        "command_line_arguments": "D:\\unity\\gammmm\\Copy-Car\\copy car\\venv\\Scripts\\mlagents-learn --force",
        "mlagents_version": "0.29.0",
        "mlagents_envs_version": "0.29.0",
        "communication_protocol_version": "1.5.0",
        "pytorch_version": "2.2.1+cpu",
        "numpy_version": "1.21.2",
        "end_time_seconds": "1710082455"
    },
    "total": 49.4671827,
    "count": 1,
    "self": 10.009132000000008,
    "children": {
        "run_training.setup": {
            "total": 0.027469200000000082,
            "count": 1,
            "self": 0.027469200000000082
        },
        "TrainerController.start_learning": {
            "total": 39.430581499999995,
            "count": 1,
            "self": 0.04185259999992752,
            "children": {
                "TrainerController._reset_env": {
                    "total": 15.1973439,
                    "count": 1,
                    "self": 15.1973439
                },
                "TrainerController.advance": {
                    "total": 24.12103220000007,
                    "count": 2027,
                    "self": 0.03697429999994384,
                    "children": {
                        "env_step": {
                            "total": 23.9184938999999,
                            "count": 2027,
                            "self": 21.82615660000006,
                            "children": {
                                "SubprocessEnvManager._take_step": {
                                    "total": 2.0661729000000335,
                                    "count": 2028,
                                    "self": 0.09491029999995249,
                                    "children": {
                                        "TorchPolicy.evaluate": {
                                            "total": 1.971262600000081,
                                            "count": 2028,
                                            "self": 0.6020535999999765,
                                            "children": {
                                                "TorchPolicy.sample_actions": {
                                                    "total": 1.3692090000001045,
                                                    "count": 2028,
                                                    "self": 1.3692090000001045
                                                }
                                            }
                                        }
                                    }
                                },
                                "workers": {
                                    "total": 0.026164399999803578,
                                    "count": 2026,
                                    "self": 0.0,
                                    "children": {
                                        "worker_root": {
                                            "total": 15.592012800000013,
                                            "count": 2026,
                                            "is_parallel": true,
                                            "self": 5.05044020000004,
                                            "children": {
                                                "steps_from_proto": {
                                                    "total": 0.0009244000000006025,
                                                    "count": 2,
                                                    "is_parallel": true,
                                                    "self": 0.0005113000000012136,
                                                    "children": {
                                                        "_process_rank_one_or_two_observation": {
                                                            "total": 0.00041309999999938896,
                                                            "count": 4,
                                                            "is_parallel": true,
                                                            "self": 0.00041309999999938896
                                                        }
                                                    }
                                                },
                                                "UnityEnvironment.step": {
                                                    "total": 10.540648199999973,
                                                    "count": 2026,
                                                    "is_parallel": true,
                                                    "self": 0.15707129999987046,
                                                    "children": {
                                                        "UnityEnvironment._generate_step_input": {
                                                            "total": 0.14136620000008016,
                                                            "count": 2026,
                                                            "is_parallel": true,
                                                            "self": 0.14136620000008016
                                                        },
                                                        "communicator.exchange": {
                                                            "total": 9.635910999999972,
                                                            "count": 2026,
                                                            "is_parallel": true,
                                                            "self": 9.635910999999972
                                                        },
                                                        "steps_from_proto": {
                                                            "total": 0.6062997000000507,
                                                            "count": 2026,
                                                            "is_parallel": true,
                                                            "self": 0.3902460999999544,
                                                            "children": {
                                                                "_process_rank_one_or_two_observation": {
                                                                    "total": 0.21605360000009632,
                                                                    "count": 4052,
                                                                    "is_parallel": true,
                                                                    "self": 0.21605360000009632
                                                                }
                                                            }
                                                        }
                                                    }
                                                }
                                            }
                                        }
                                    }
                                }
                            }
                        },
                        "trainer_advance": {
                            "total": 0.1655640000002272,
                            "count": 2026,
                            "self": 0.05017340000024717,
                            "children": {
                                "process_trajectory": {
                                    "total": 0.11539059999998003,
                                    "count": 2026,
                                    "self": 0.11539059999998003
                                }
                            }
                        }
                    }
                },