{
    "name": "root",
    "gauges": {
        "CarBehaviour.Policy.Entropy.mean": {
            "value": 1.4995079040527344,
            "min": 1.4995079040527344,
            "max": 1.4995079040527344,
            "count": 1
        },
        "CarBehaviour.Policy.Entropy.sum": {
            "value": 15450.9296875,
            "min": 15450.9296875,
            "max": 15450.9296875,
            "count": 1
        },
        "CarBehaviour.Step.mean": {
            "value": 9984.0,
            "min": 9984.0,
            "max": 9984.0,
            "count": 1
        },
        "CarBehaviour.Step.sum": {
            "value": 9984.0,
            "min": 9984.0,
            "max": 9984.0,
            "count": 1
        },
        "CarBehaviour.Policy.ExtrinsicValueEstimate.mean": {
            "value": -2.1639153957366943,
            "min": -2.1639153957366943,
            "max": -2.1639153957366943,
            "count": 1
        },
        "CarBehaviour.Policy.ExtrinsicValueEstimate.sum": {
            "value": -337.57080078125,
            "min": -337.57080078125,
            "max": -337.57080078125,
            "count": 1
        },
        "CarBehaviour.Policy.GailValueEstimate.mean": {
            "value": 32.64726638793945,
            "min": 32.64726638793945,
            "max": 32.64726638793945,
            "count": 1
        },
        "CarBehaviour.Policy.GailValueEstimate.sum": {
            "value": 5092.9736328125,
            "min": 5092.9736328125,
            "max": 5092.9736328125,
            "count": 1
        },
        "CarBehaviour.Losses.PolicyLoss.mean": {
            "value": 0.24991464307563935,
            "min": 0.24991464307563935,
            "max": 0.24991464307563935,
            "count": 1
        },
        "CarBehaviour.Losses.PolicyLoss.sum": {
            "value": 5.498122147664065,
            "min": 5.498122147664065,
            "max": 5.498122147664065,
            "count": 1
        },
        "CarBehaviour.Losses.ValueLoss.mean": {
            "value": 7.230909344619627,
            "min": 7.230909344619627,
            "max": 7.230909344619627,
            "count": 1
        },
        "CarBehaviour.Losses.ValueLoss.sum": {
            "value": 159.08000558163178,
            "min": 159.08000558163178,
            "max": 159.08000558163178,
            "count": 1
        },
        "CarBehaviour.Policy.LearningRate.mean": {
            "value": 0.0002969088010304,
            "min": 0.0002969088010304,
            "max": 0.0002969088010304,
            "count": 1
        },
        "CarBehaviour.Policy.LearningRate.sum": {
            "value": 0.0065319936226688,
            "min": 0.0065319936226688,
            "max": 0.0065319936226688,
            "count": 1
        },
        "CarBehaviour.Policy.Epsilon.mean": {
            "value": 0.19896960000000002,
            "min": 0.19896960000000002,
            "max": 0.19896960000000002,
            "count": 1
        },
        "CarBehaviour.Policy.Epsilon.sum": {
            "value": 4.3773312,
            "min": 4.3773312,
            "max": 4.3773312,
            "count": 1
        },
        "CarBehaviour.Policy.Beta.mean": {
            "value": 0.00049495104,
            "min": 0.00049495104,
            "max": 0.00049495104,
            "count": 1
        },
        "CarBehaviour.Policy.Beta.sum": {
            "value": 0.01088892288,
            "min": 0.01088892288,
            "max": 0.01088892288,
            "count": 1
        },
        "CarBehaviour.Policy.GAILPolicyEstimate.mean": {
            "value": 0.2434750877592723,
            "min": 0.2434750877592723,
            "max": 0.2434750877592723,
            "count": 1
        },
        "CarBehaviour.Policy.GAILPolicyEstimate.sum": {
            "value": 5.35645193070399,
            "min": 5.35645193070399,
            "max": 5.35645193070399,
            "count": 1
        },
        "CarBehaviour.Policy.GAILExpertEstimate.mean": {
            "value": 0.7181339189256272,
            "min": 0.7181339189256272,
            "max": 0.7181339189256272,
            "count": 1
        },
        "CarBehaviour.Policy.GAILExpertEstimate.sum": {
            "value": 15.798946216363799,
            "min": 15.798946216363799,
            "max": 15.798946216363799,
            "count": 1
        },
        "CarBehaviour.Losses.GAILLoss.mean": {
            "value": 0.6746492290166374,
            "min": 0.6746492290166374,
            "max": 0.6746492290166374,
            "count": 1
        },
        "CarBehaviour.Losses.GAILLoss.sum": {
            "value": 14.842283038366023,
            "min": 14.842283038366023,
            "max": 14.842283038366023,
            "count": 1
        },
        "CarBehaviour.Policy.GAILGradMagLoss.mean": {
            "value": 0.8105691581850322,
            "min": 0.8105691581850322,
            "max": 0.8105691581850322,
            "count": 1
        },
        "CarBehaviour.Policy.GAILGradMagLoss.sum": {
            "value": 17.832521480070707,
            "min": 17.832521480070707,
            "max": 17.832521480070707,
            "count": 1
        },
        "CarBehaviour.Losses.PretrainingLoss.mean": {
            "value": 0.23819267593038881,
            "min": 0.23819267593038881,
            "max": 0.23819267593038881,
            "count": 1
        },
        "CarBehaviour.Losses.PretrainingLoss.sum": {
            "value": 5.240238870468554,
            "min": 5.240238870468554,
            "max": 5.240238870468554,
            "count": 1
        },
        "CarBehaviour.IsTraining.mean": {
            "value": 1.0,
            "min": 1.0,
            "max": 1.0,
            "count": 1
        },
        "CarBehaviour.IsTraining.sum": {
            "value": 1.0,
            "min": 1.0,
            "max": 1.0,
            "count": 1
        }
    },
    "metadata": {
        "timer_format_version": "0.1.0",
        "start_time_seconds": "1713550684",
        "python_version": "3.9.13 (tags/v3.9.13:6de2ca5, May 17 2022, 16:36:42) [MSC v.1929 64 bit (AMD64)]",
        "command_line_arguments": "D:\\unity\\gammmm\\Copy-Car\\venv\\Scripts\\mlagents-learn config/carBehaviour.yaml --run-id=car ML 19 --time-scale 5",
        "mlagents_version": "0.30.0",
        "mlagents_envs_version": "0.30.0",
        "communication_protocol_version": "1.5.0",
        "pytorch_version": "2.0.1+cpu",
        "numpy_version": "1.21.2",
        "end_time_seconds": "1713550856"
    },
    "total": 171.8002171,
    "count": 1,
    "self": 0.0057510999999976775,
    "children": {
        "run_training.setup": {
            "total": 0.09503489999999992,
            "count": 1,
            "self": 0.09503489999999992
        },
        "TrainerController.start_learning": {
            "total": 171.6994311,
            "count": 1,
            "self": 0.0433999000003098,
            "children": {
                "TrainerController._reset_env": {
                    "total": 9.1165793,
                    "count": 1,
                    "self": 7.274622899999999,
                    "children": {
                        "demo_to_buffer": {
                            "total": 1.8419564000000008,
                            "count": 2,
                            "self": 0.00011169999999793845,
                            "children": {
                                "load_demonstration": {
                                    "total": 0.02767250000000132,
                                    "count": 2,
                                    "self": 0.027234400000001102,
                                    "children": {
                                        "read_file": {
                                            "total": 0.00043810000000021887,
                                            "count": 2,