{
    "name": "root",
    "gauges": {
        "CarBehaviour.Policy.Entropy.mean": {
            "value": 0.1658029556274414,
            "min": 0.09903832525014877,
            "max": 0.2376052290201187,
            "count": 15
        },
        "CarBehaviour.Policy.Entropy.sum": {
            "value": 1680.5787353515625,
            "min": 728.3178100585938,
            "max": 2301.91943359375,
            "count": 15
        },
        "CarBehaviour.Step.mean": {
            "value": 999959.0,
            "min": 859959.0,
            "max": 999959.0,
            "count": 15
        },
        "CarBehaviour.Step.sum": {
            "value": 999959.0,
            "min": 859959.0,
            "max": 999959.0,
            "count": 15
        },
        "CarBehaviour.Policy.ExtrinsicValueEstimate.mean": {
            "value": -0.22784654796123505,
            "min": -0.43619513511657715,
            "max": -0.08296829462051392,
            "count": 15
        },
        "CarBehaviour.Policy.ExtrinsicValueEstimate.sum": {
            "value": -36.455448150634766,
            "min": -69.35502624511719,
            "max": -4.887656211853027,
            "count": 15
        },
        "CarBehaviour.Policy.GailValueEstimate.mean": {
            "value": 15.477218627929688,
            "min": 7.740015506744385,
            "max": 25.161325454711914,
            "count": 15
        },
        "CarBehaviour.Policy.GailValueEstimate.sum": {
            "value": 2476.35498046875,
            "min": 1090.5284423828125,
            "max": 4000.65087890625,
            "count": 15
        },
        "CarBehaviour.IsTraining.mean": {
            "value": 1.0,
            "min": 1.0,
            "max": 1.0,
            "count": 15
        },
        "CarBehaviour.IsTraining.sum": {
            "value": 1.0,
            "min": 1.0,
            "max": 1.0,
            "count": 15
        },
        "CarBehaviour.Environment.EpisodeLength.mean": {
            "value": 999.0,
            "min": 999.0,
            "max": 999.0,
            "count": 14
        },
        "CarBehaviour.Environment.EpisodeLength.sum": {
            "value": 6993.0,
            "min": 6993.0,
            "max": 13986.0,
            "count": 14
        },
        "CarBehaviour.Environment.CumulativeReward.mean": {
            "value": -29.600002418864857,
            "min": -44.571432318006245,
            "max": -1.0428571701049805,
            "count": 14
        },
        "CarBehaviour.Environment.CumulativeReward.sum": {
            "value": -325.6000266075134,
            "min": -443.0000353604555,
            "max": -7.300000190734863,
            "count": 14
        },
        "CarBehaviour.Policy.ExtrinsicReward.mean": {
            "value": -2.9600002149289306,
            "min": -4.457143182733229,
            "max": -0.1042857255254473,
            "count": 14
        },
        "CarBehaviour.Policy.ExtrinsicReward.sum": {
            "value": -32.560002364218235,
            "min": -44.30000307224691,
            "max": -0.7300000786781311,
            "count": 14
        },
        "CarBehaviour.Policy.GailReward.mean": {
            "value": 143.4249787926674,
            "min": 43.505137017795015,
            "max": 334.6707117319107,
            "count": 14
        },
        "CarBehaviour.Policy.GailReward.sum": {
            "value": 1577.6747667193413,
            "min": 304.5359591245651,
            "max": 3346.707117319107,
            "count": 14
        },
        "CarBehaviour.Losses.PolicyLoss.mean": {
            "value": 0.04715716059563863,
            "min": 0.03981658550427954,
            "max": 0.05287925697484752,
            "count": 13
        },
        "CarBehaviour.Losses.PolicyLoss.sum": {
            "value": 0.04715716059563863,
            "min": 0.03981658550427954,
            "max": 0.05287925697484752,
            "count": 13
        },
        "CarBehaviour.Losses.ValueLoss.mean": {
            "value": 31.41384956701015,
            "min": 3.0740247402733902,
            "max": 31.41384956701015,
            "count": 13
        },
        "CarBehaviour.Losses.ValueLoss.sum": {
            "value": 31.41384956701015,
            "min": 3.0740247402733902,
            "max": 31.41384956701015,
            "count": 13
        },
        "CarBehaviour.Policy.LearningRate.mean": {
            "value": 1.881999372699992e-06,
            "min": 1.881999372699992e-06,
            "max": 3.968198677269998e-05,
            "count": 13
        },
        "CarBehaviour.Policy.LearningRate.sum": {
            "value": 1.881999372699992e-06,
            "min": 1.881999372699992e-06,
            "max": 3.968198677269998e-05,
            "count": 13
        },
        "CarBehaviour.Policy.Epsilon.mean": {
            "value": 0.10062729999999998,
            "min": 0.10062729999999998,
            "max": 0.11322729999999999,
            "count": 13
        },
        "CarBehaviour.Policy.Epsilon.sum": {
            "value": 0.10062729999999998,
            "min": 0.10062729999999998,
            "max": 0.11322729999999999,
            "count": 13
        },
        "CarBehaviour.Policy.Beta.mean": {
            "value": 1.3073769999999986e-05,
            "min": 1.3073769999999986e-05,
            "max": 7.481376999999998e-05,
            "count": 13
        },
        "CarBehaviour.Policy.Beta.sum": {
            "value": 1.3073769999999986e-05,
            "min": 1.3073769999999986e-05,
            "max": 7.481376999999998e-05,
            "count": 13
        },
        "CarBehaviour.Policy.GAILPolicyEstimate.mean": {
            "value": 0.1193418320480401,
            "min": 0.06390669861187538,
            "max": 0.16510570322473844,
            "count": 13
        },
        "CarBehaviour.Policy.GAILPolicyEstimate.sum": {
            "value": 0.1193418320480401,
            "min": 0.06390669861187538,
            "max": 0.16510570322473844,
            "count": 13
        },
        "CarBehaviour.Policy.GAILExpertEstimate.mean": {
            "value": 0.8412387787811155,
            "min": 0.80690149708492,
            "max": 0.8662944783767065,
            "count": 13
        },
        "CarBehaviour.Policy.GAILExpertEstimate.sum": {
            "value": 0.8412387787811155,
            "min": 0.80690149708492,
            "max": 0.8662944783767065,
            "count": 13
        },
        "CarBehaviour.Losses.GAILLoss.mean": {
            "value": 0.3387344404449308,
            "min": 0.2395807889600595,
            "max": 0.46764791508515674,
            "count": 13
        },
        "CarBehaviour.Losses.GAILLoss.sum": {
            "value": 0.3387344404449308,
            "min": 0.2395807889600595,
            "max": 0.46764791508515674,
            "count": 13
        },
        "CarBehaviour.Policy.GAILGradMagLoss.mean": {
            "value": 0.07329476782219196,
            "min": 0.06787090039834744,
            "max": 0.14355627432223259,
            "count": 13
        },
        "CarBehaviour.Policy.GAILGradMagLoss.sum": {
            "value": 0.07329476782219196,
            "min": 0.06787090039834744,
            "max": 0.14355627432223259,
            "count": 13
        },
        "CarBehaviour.Losses.PretrainingLoss.mean": {
            "value": 0.08844655617657635,
            "min": 0.08844655617657635,
            "max": 0.09576436877250671,
            "count": 13
        },
        "CarBehaviour.Losses.PretrainingLoss.sum": {
            "value": 0.08844655617657635,
            "min": 0.08844655617657635,
            "max": 0.09576436877250671,
            "count": 13
        }
    },
    "metadata": {
        "timer_format_version": "0.1.0",
        "start_time_seconds": "1713621957",
        "python_version": "3.9.13 (tags/v3.9.13:6de2ca5, May 17 2022, 16:36:42) [MSC v.1929 64 bit (AMD64)]",