{
    "name": "root",
    "gauges": {
        "CarBehaviour.Policy.Entropy.mean": {
            "value": 2.0360589027404785,
            "min": 2.0360589027404785,
            "max": 2.1916821002960205,
            "count": 3
        },
        "CarBehaviour.Policy.Entropy.sum": {
            "value": 20360.587890625,
            "min": 20360.587890625,
            "max": 21916.8203125,
            "count": 3
        },
        "CarBehaviour.Step.mean": {
            "value": 29896.0,
            "min": 9896.0,
            "max": 29896.0,
            "count": 3
        },
        "CarBehaviour.Step.sum": {
            "value": 29896.0,
            "min": 9896.0,
            "max": 29896.0,
            "count": 3
        },
        "CarBehaviour.Policy.ExtrinsicValueEstimate.mean": {
            "value": -2.2434003353118896,
            "min": -2.2434003353118896,
            "max": -1.6577318906784058,
            "count": 3
        },
        "CarBehaviour.Policy.ExtrinsicValueEstimate.sum": {
            "value": -179.47203063964844,
            "min": -179.47203063964844,
            "max": -130.9608154296875,
            "count": 3
        },
        "CarBehaviour.Policy.GailValueEstimate.mean": {
            "value": 14.923215866088867,
            "min": 0.9711325168609619,
            "max": 14.923215866088867,
            "count": 3
        },
        "CarBehaviour.Policy.GailValueEstimate.sum": {
            "value": 1193.8572998046875,
            "min": 76.71946716308594,
            "max": 1193.8572998046875,
            "count": 3
        },
        "CarBehaviour.Environment.EpisodeLength.mean": {
            "value": 999.0,
            "min": 999.0,
            "max": 999.0,
            "count": 3
        },
        "CarBehaviour.Environment.EpisodeLength.sum": {
            "value": 9990.0,
            "min": 9990.0,
            "max": 9990.0,
            "count": 3
        },
        "CarBehaviour.Environment.CumulativeReward.mean": {
            "value": -4.733799594640732,
            "min": -4.733799594640732,
            "max": 0.7777777777777778,
            "count": 3
        },
        "CarBehaviour.Environment.CumulativeReward.sum": {
            "value": -47.33799594640732,
            "min": -47.33799594640732,
            "max": 7.0,
            "count": 3
        },
        "CarBehaviour.Policy.ExtrinsicReward.mean": {
            "value": -1.420139917731285,
            "min": -1.420139917731285,
            "max": 0.23333334260516697,
            "count": 3
        },
        "CarBehaviour.Policy.ExtrinsicReward.sum": {
            "value": -14.201399177312851,
            "min": -14.201399177312851,
            "max": 2.1000000834465027,
            "count": 3
        },
        "CarBehaviour.Policy.GailReward.mean": {
            "value": 651.1234062194824,
            "min": 651.1234062194824,
            "max": 704.1316392686632,
            "count": 3
        },
        "CarBehaviour.Policy.GailReward.sum": {
            "value": 6511.234062194824,
            "min": 6337.184753417969,
            "max": 6766.932510375977,
            "count": 3
        },
        "CarBehaviour.IsTraining.mean": {
            "value": 1.0,
            "min": 1.0,
            "max": 1.0,
            "count": 3
        },
        "CarBehaviour.IsTraining.sum": {
            "value": 1.0,
            "min": 1.0,
            "max": 1.0,
            "count": 3
        },
        "CarBehaviour.Losses.PolicyLoss.mean": {
            "value": 0.015112665761262179,
            "min": 0.009994877098749081,
            "max": 0.015112665761262179,
            "count": 2
        },
        "CarBehaviour.Losses.PolicyLoss.sum": {
            "value": 0.015112665761262179,
            "min": 0.009994877098749081,
            "max": 0.015112665761262179,
            "count": 2
        },
        "CarBehaviour.Losses.ValueLoss.mean": {
            "value": 193.87372945149738,
            "min": 193.87372945149738,
            "max": 253.46236063639324,
            "count": 2
        },
        "CarBehaviour.Losses.ValueLoss.sum": {
            "value": 193.87372945149738,
            "min": 193.87372945149738,
            "max": 253.46236063639324,
            "count": 2
        },
        "CarBehaviour.Policy.LearningRate.mean": {
            "value": 0.0002993846402051199,
            "min": 0.0002993846402051199,
            "max": 0.00029969232010255986,
            "count": 2
        },
        "CarBehaviour.Policy.LearningRate.sum": {
            "value": 0.0002993846402051199,
            "min": 0.0002993846402051199,
            "max": 0.00029969232010255986,
            "count": 2
        },
        "CarBehaviour.Policy.Epsilon.mean": {
            "value": 0.19979487999999995,
            "min": 0.19979487999999995,
            "max": 0.19989744,
            "count": 2
        },
        "CarBehaviour.Policy.Epsilon.sum": {
            "value": 0.19979487999999995,
            "min": 0.19979487999999995,
            "max": 0.19989744,
            "count": 2
        },
        "CarBehaviour.Policy.Beta.mean": {
            "value": 0.0004989949119999999,
            "min": 0.0004989949119999999,
            "max": 0.0004994974559999999,
            "count": 2
        },
        "CarBehaviour.Policy.Beta.sum": {
            "value": 0.0004989949119999999,
            "min": 0.0004989949119999999,
            "max": 0.0004994974559999999,
            "count": 2
        },
        "CarBehaviour.Policy.GAILPolicyEstimate.mean": {
            "value": 0.48180068532625836,
            "min": 0.48180068532625836,
            "max": 0.49619075457255046,
            "count": 2
        },
        "CarBehaviour.Policy.GAILPolicyEstimate.sum": {
            "value": 0.48180068532625836,
            "min": 0.48180068532625836,
            "max": 0.49619075457255046,
            "count": 2
        },
        "CarBehaviour.Policy.GAILExpertEstimate.mean": {
            "value": 0.5232581257820129,
            "min": 0.5232581257820129,
            "max": 0.5469164729118348,
            "count": 2
        },
        "CarBehaviour.Policy.GAILExpertEstimate.sum": {
            "value": 0.5232581257820129,
            "min": 0.5232581257820129,
            "max": 0.5469164729118348,
            "count": 2
        },
        "CarBehaviour.Losses.GAILLoss.mean": {
            "value": 1.3271079778671264,
            "min": 1.3091809670130412,
            "max": 1.3271079778671264,
            "count": 2
        },
        "CarBehaviour.Losses.GAILLoss.sum": {
            "value": 1.3271079778671264,
            "min": 1.3091809670130412,
            "max": 1.3271079778671264,
            "count": 2
        },
        "CarBehaviour.Policy.GAILBeta.mean": {
            "value": 0.24698757429917653,
            "min": 0.18975910991430284,
            "max": 0.24698757429917653,
            "count": 2
        },
        "CarBehaviour.Policy.GAILBeta.sum": {
            "value": 0.24698757429917653,
            "min": 0.18975910991430284,
            "max": 0.24698757429917653,
            "count": 2
        },
        "CarBehaviour.Losses.GAILKLLoss.mean": {
            "value": 3.091744391123454,
            "min": 3.091744391123454,
            "max": 31.681506697336832,
            "count": 2
        },
        "CarBehaviour.Losses.GAILKLLoss.sum": {
            "value": 3.091744391123454,
            "min": 3.091744391123454,
            "max": 31.681506697336832,
            "count": 2
        },
        "CarBehaviour.Policy.GAILGradMagLoss.mean": {
            "value": 9.849329439798991,
            "min": 9.849329439798991,
            "max": 9.944209543863932,
            "count": 2
        },
        "CarBehaviour.Policy.GAILGradMagLoss.sum": {
            "value": 9.849329439798991,
            "min": 9.849329439798991,
            "max": 9.944209543863932,
            "count": 2
        },