{
    "name": "root",
    "gauges": {
        "CarBehaviour.Policy.Entropy.mean": {
            "value": 2.062126874923706,
            "min": 2.062126874923706,
            "max": 2.194720506668091,
            "count": 9
        },
        "CarBehaviour.Policy.Entropy.sum": {
            "value": 19977.884765625,
            "min": 19769.59375,
            "max": 23228.921875,
            "count": 9
        },
        "CarBehaviour.Step.mean": {
            "value": 89888.0,
            "min": 9944.0,
            "max": 89888.0,
            "count": 9
        },
        "CarBehaviour.Step.sum": {
            "value": 89888.0,
            "min": 9944.0,
            "max": 89888.0,
            "count": 9
        },
        "CarBehaviour.Policy.ExtrinsicValueEstimate.mean": {
            "value": -0.2893785536289215,
            "min": -0.2893785536289215,
            "max": 0.1431730091571808,
            "count": 9
        },
        "CarBehaviour.Policy.ExtrinsicValueEstimate.sum": {
            "value": -22.860904693603516,
            "min": -22.860904693603516,
            "max": 11.310667991638184,
            "count": 9
        },
        "CarBehaviour.Policy.GailValueEstimate.mean": {
            "value": 38.83989715576172,
            "min": 0.42522764205932617,
            "max": 38.83989715576172,
            "count": 9
        },
        "CarBehaviour.Policy.GailValueEstimate.sum": {
            "value": 3068.351806640625,
            "min": 33.59298324584961,
            "max": 3068.351806640625,
            "count": 9
        },
        "CarBehaviour.Environment.EpisodeLength.mean": {
            "value": 999.0,
            "min": 999.0,
            "max": 999.0,
            "count": 9
        },
        "CarBehaviour.Environment.EpisodeLength.sum": {
            "value": 6993.0,
            "min": 6993.0,
            "max": 13986.0,
            "count": 9
        },
        "CarBehaviour.Environment.CumulativeReward.mean": {
            "value": -5.182286356176649,
            "min": -11.050504624843597,
            "max": 1.2857142857142858,
            "count": 9
        },
        "CarBehaviour.Environment.CumulativeReward.sum": {
            "value": -36.27600449323654,
            "min": -114.16007006168365,
            "max": 9.0,
            "count": 9
        },
        "CarBehaviour.Policy.ExtrinsicReward.mean": {
            "value": -1.5546859226056509,
            "min": -3.315151520073414,
            "max": 0.38571430104119436,
            "count": 9
        },
        "CarBehaviour.Policy.ExtrinsicReward.sum": {
            "value": -10.882801458239555,
            "min": -34.24802267551422,
            "max": 2.7000001072883606,
            "count": 9
        },
        "CarBehaviour.Policy.GailReward.mean": {
            "value": 504.01280975341797,
            "min": 504.01280975341797,
            "max": 697.2410125732422,
            "count": 9
        },
        "CarBehaviour.Policy.GailReward.sum": {
            "value": 3528.089668273926,
            "min": 3528.089668273926,
            "max": 9359.844421386719,
            "count": 9
        },
        "CarBehaviour.IsTraining.mean": {
            "value": 1.0,
            "min": 1.0,
            "max": 1.0,
            "count": 9
        },
        "CarBehaviour.IsTraining.sum": {
            "value": 1.0,
            "min": 1.0,
            "max": 1.0,
            "count": 9
        },
        "CarBehaviour.Losses.PolicyLoss.mean": {
            "value": 0.016908250974180798,
            "min": 0.011121515654182682,
            "max": 0.0200142724517112,
            "count": 8
        },
        "CarBehaviour.Losses.PolicyLoss.sum": {
            "value": 0.016908250974180798,
            "min": 0.011121515654182682,
            "max": 0.0200142724517112,
            "count": 8
        },
        "CarBehaviour.Losses.ValueLoss.mean": {
            "value": 83.49316151936848,
            "min": 83.49316151936848,
            "max": 259.2993153889974,
            "count": 8
        },
        "CarBehaviour.Losses.ValueLoss.sum": {
            "value": 83.49316151936848,
            "min": 83.49316151936848,
            "max": 259.2993153889974,
            "count": 8
        },
        "CarBehaviour.Policy.LearningRate.mean": {
            "value": 0.00029748000084000003,
            "min": 0.00029748000084000003,
            "max": 0.00029968248010584,
            "count": 8
        },
        "CarBehaviour.Policy.LearningRate.sum": {
            "value": 0.00029748000084000003,
            "min": 0.00029748000084000003,
            "max": 0.00029968248010584,
            "count": 8
        },
        "CarBehaviour.Policy.Epsilon.mean": {
            "value": 0.19916,
            "min": 0.19916,
            "max": 0.19989416,
            "count": 8
        },
        "CarBehaviour.Policy.Epsilon.sum": {
            "value": 0.19916,
            "min": 0.19916,
            "max": 0.19989416,
            "count": 8
        },
        "CarBehaviour.Policy.Beta.mean": {
            "value": 0.0004958840000000001,
            "min": 0.0004958840000000001,
            "max": 0.0004994813839999998,
            "count": 8
        },
        "CarBehaviour.Policy.Beta.sum": {
            "value": 0.0004958840000000001,
            "min": 0.0004958840000000001,
            "max": 0.0004994813839999998,
            "count": 8
        },
        "CarBehaviour.Policy.GAILPolicyEstimate.mean": {
            "value": 0.39889475305875144,
            "min": 0.39889475305875144,
            "max": 0.4943337698777517,
            "count": 8
        },
        "CarBehaviour.Policy.GAILPolicyEstimate.sum": {
            "value": 0.39889475305875144,
            "min": 0.39889475305875144,
            "max": 0.4943337698777517,
            "count": 8
        },
        "CarBehaviour.Policy.GAILExpertEstimate.mean": {
            "value": 0.5807079116503397,
            "min": 0.5345303455988566,
            "max": 0.5807079116503397,
            "count": 8
        },
        "CarBehaviour.Policy.GAILExpertEstimate.sum": {
            "value": 0.5807079116503397,
            "min": 0.5345303455988566,
            "max": 0.5807079116503397,
            "count": 8
        },
        "CarBehaviour.Losses.GAILLoss.mean": {
            "value": 1.1362253824869792,
            "min": 1.1362253824869792,
            "max": 1.3259714444478352,
            "count": 8
        },
        "CarBehaviour.Losses.GAILLoss.sum": {
            "value": 1.1362253824869792,
            "min": 1.1362253824869792,
            "max": 1.3259714444478352,
            "count": 8
        },
        "CarBehaviour.Policy.GAILBeta.mean": {
            "value": 0.254044109582901,
            "min": 0.1769368718067805,
            "max": 0.254044109582901,
            "count": 8
        },
        "CarBehaviour.Policy.GAILBeta.sum": {
            "value": 0.254044109582901,
            "min": 0.1769368718067805,
            "max": 0.254044109582901,
            "count": 8
        },
        "CarBehaviour.Losses.GAILKLLoss.mean": {
            "value": 0.9598941206932068,
            "min": 0.7819554607073466,
            "max": 29.71570332845052,
            "count": 8
        },
        "CarBehaviour.Losses.GAILKLLoss.sum": {
            "value": 0.9598941206932068,
            "min": 0.7819554607073466,
            "max": 29.71570332845052,
            "count": 8
        },
        "CarBehaviour.Policy.GAILGradMagLoss.mean": {
            "value": 0.7688393950462341,
            "min": 0.7688393950462341,
            "max": 9.93022009531657,
            "count": 8
        },
        "CarBehaviour.Policy.GAILGradMagLoss.sum": {
            "value": 0.7688393950462341,
            "min": 0.7688393950462341,
            "max": 9.93022009531657,
            "count": 8
        },
        "CarBehaviour.Losses.PretrainingLoss.mean": {
            "value": 0.0,
            "min": 0.0,