{
    "name": "root",
    "gauges": {
        "CarBehaviour.Policy.Entropy.mean": {
            "value": 1.8414251804351807,
            "min": 1.8414251804351807,
            "max": 2.1942172050476074,
            "count": 28
        },
        "CarBehaviour.Policy.Entropy.sum": {
            "value": 18561.56640625,
            "min": 18451.18359375,
            "max": 23223.595703125,
            "count": 28
        },
        "CarBehaviour.Step.mean": {
            "value": 279961.0,
            "min": 9944.0,
            "max": 279961.0,
            "count": 28
        },
        "CarBehaviour.Step.sum": {
            "value": 279961.0,
            "min": 9944.0,
            "max": 279961.0,
            "count": 28
        },
        "CarBehaviour.Policy.ExtrinsicValueEstimate.mean": {
            "value": -2.788579225540161,
            "min": -2.788579225540161,
            "max": -0.08400549739599228,
            "count": 28
        },
        "CarBehaviour.Policy.ExtrinsicValueEstimate.sum": {
            "value": -225.87490844726562,
            "min": -225.87490844726562,
            "max": -6.636434078216553,
            "count": 28
        },
        "CarBehaviour.Policy.GailValueEstimate.mean": {
            "value": 55.339332580566406,
            "min": -0.16789774596691132,
            "max": 55.339332580566406,
            "count": 28
        },
        "CarBehaviour.Policy.GailValueEstimate.sum": {
            "value": 4482.48583984375,
            "min": -13.263921737670898,
            "max": 4482.48583984375,
            "count": 28
        },
        "CarBehaviour.Environment.EpisodeLength.mean": {
            "value": 997.7142857142857,
            "min": 973.8571428571429,
            "max": 999.0,
            "count": 28
        },
        "CarBehaviour.Environment.EpisodeLength.sum": {
            "value": 13968.0,
            "min": 6817.0,
            "max": 13986.0,
            "count": 28
        },
        "CarBehaviour.Environment.CumulativeReward.mean": {
            "value": -53.696113890835214,
            "min": -95.06116122433117,
            "max": 1.334000016961779,
            "count": 28
        },
        "CarBehaviour.Environment.CumulativeReward.sum": {
            "value": -751.745594471693,
            "min": -1330.8562571406364,
            "max": 9.338000118732452,
            "count": 28
        },
        "CarBehaviour.Policy.ExtrinsicReward.mean": {
            "value": -16.10883488532688,
            "min": -28.51835020525115,
            "max": 0.4002000263759068,
            "count": 28
        },
        "CarBehaviour.Policy.ExtrinsicReward.sum": {
            "value": -225.5236883945763,
            "min": -399.2569028735161,
            "max": 2.8014001846313477,
            "count": 28
        },
        "CarBehaviour.Policy.GailReward.mean": {
            "value": 549.3901547023228,
            "min": 464.6276615687779,
            "max": 693.5422156197684,
            "count": 28
        },
        "CarBehaviour.Policy.GailReward.sum": {
            "value": 7691.4621658325195,
            "min": 3252.3936309814453,
            "max": 9224.83810043335,
            "count": 28
        },
        "CarBehaviour.IsTraining.mean": {
            "value": 1.0,
            "min": 1.0,
            "max": 1.0,
            "count": 28
        },
        "CarBehaviour.IsTraining.sum": {
            "value": 1.0,
            "min": 1.0,
            "max": 1.0,
            "count": 28
        },
        "CarBehaviour.Losses.PolicyLoss.mean": {
            "value": 0.01384423883088554,
            "min": 0.008079397660912946,
            "max": 0.025202729467613,
            "count": 26
        },
        "CarBehaviour.Losses.PolicyLoss.sum": {
            "value": 0.01384423883088554,
            "min": 0.008079397660912946,
            "max": 0.025202729467613,
            "count": 26
        },
        "CarBehaviour.Losses.ValueLoss.mean": {
            "value": 65.99612096150716,
            "min": 47.65475896199544,
            "max": 266.7554453531901,
            "count": 26
        },
        "CarBehaviour.Losses.ValueLoss.sum": {
            "value": 65.99612096150716,
            "min": 47.65475896199544,
            "max": 266.7554453531901,
            "count": 26
        },
        "CarBehaviour.Policy.LearningRate.mean": {
            "value": 0.00029181501272832996,
            "min": 0.00029181501272832996,
            "max": 0.00029968248010584,
            "count": 26
        },
        "CarBehaviour.Policy.LearningRate.sum": {
            "value": 0.00029181501272832996,
            "min": 0.00029181501272832996,
            "max": 0.00029968248010584,
            "count": 26
        },
        "CarBehaviour.Policy.Epsilon.mean": {
            "value": 0.19727167000000007,
            "min": 0.19727167000000007,
            "max": 0.19989416,
            "count": 26
        },
        "CarBehaviour.Policy.Epsilon.sum": {
            "value": 0.19727167000000007,
            "min": 0.19727167000000007,
            "max": 0.19989416,
            "count": 26
        },
        "CarBehaviour.Policy.Beta.mean": {
            "value": 0.00048663118300000004,
            "min": 0.00048663118300000004,
            "max": 0.0004994813839999998,
            "count": 26
        },
        "CarBehaviour.Policy.Beta.sum": {
            "value": 0.00048663118300000004,
            "min": 0.00048663118300000004,
            "max": 0.0004994813839999998,
            "count": 26
        },
        "CarBehaviour.Policy.GAILPolicyEstimate.mean": {
            "value": 0.41606071790059407,
            "min": 0.38362446824709573,
            "max": 0.49579483071962993,
            "count": 26
        },
        "CarBehaviour.Policy.GAILPolicyEstimate.sum": {
            "value": 0.41606071790059407,
            "min": 0.38362446824709573,
            "max": 0.49579483071962993,
            "count": 26
        },
        "CarBehaviour.Policy.GAILExpertEstimate.mean": {
            "value": 0.5795082012812297,
            "min": 0.531503148873647,
            "max": 0.6046842535336813,
            "count": 26
        },
        "CarBehaviour.Policy.GAILExpertEstimate.sum": {
            "value": 0.5795082012812297,
            "min": 0.531503148873647,
            "max": 0.6046842535336813,
            "count": 26
        },
        "CarBehaviour.Losses.GAILLoss.mean": {
            "value": 1.1523341258366904,
            "min": 1.0746246894200644,
            "max": 1.31903178691864,
            "count": 26
        },
        "CarBehaviour.Losses.GAILLoss.sum": {
            "value": 1.1523341258366904,
            "min": 1.0746246894200644,
            "max": 1.31903178691864,
            "count": 26
        },
        "CarBehaviour.Policy.GAILBeta.mean": {
            "value": 0.27552024722099305,
            "min": 0.16874698400497437,
            "max": 0.27552024722099305,
            "count": 26
        },
        "CarBehaviour.Policy.GAILBeta.sum": {
            "value": 0.27552024722099305,
            "min": 0.16874698400497437,
            "max": 0.27552024722099305,
            "count": 26
        },
        "CarBehaviour.Losses.GAILKLLoss.mean": {
            "value": 0.5690619130929311,
            "min": 0.555651068687439,
            "max": 28.586447048187257,
            "count": 26
        },
        "CarBehaviour.Losses.GAILKLLoss.sum": {
            "value": 0.5690619130929311,
            "min": 0.555651068687439,
            "max": 28.586447048187257,
            "count": 26
        },
        "CarBehaviour.Policy.GAILGradMagLoss.mean": {
            "value": 0.1506387084722519,
            "min": 0.147549103697141,
            "max": 9.913889503479004,
            "count": 26
        },
        "CarBehaviour.Policy.GAILGradMagLoss.sum": {
            "value": 0.1506387084722519,
            "min": 0.147549103697141,
            "max": 9.913889503479004,