{
    "name": "root",
    "metadata": {
        "timer_format_version": "0.1.0",
        "start_time_seconds": "1713547871",
        "python_version": "3.9.13 (tags/v3.9.13:6de2ca5, May 17 2022, 16:36:42) [MSC v.1929 64 bit (AMD64)]",
        "command_line_arguments": "D:\\unity\\gammmm\\Copy-Car\\venv\\Scripts\\mlagents-learn config/carBehaviour.yaml --run-id=car ML 5 --time-scale 1",
        "mlagents_version": "0.30.0",
        "mlagents_envs_version": "0.30.0",
        "communication_protocol_version": "1.5.0",
        "pytorch_version": "2.0.1+cpu",
        "numpy_version": "1.21.2",
        "end_time_seconds": "1713547987"
    },
    "total": 116.5778081,
    "count": 1,
    "self": 0.005429799999987495,
    "children": {
        "run_training.setup": {
            "total": 0.11461350000000037,
            "count": 1,
            "self": 0.11461350000000037
        },
        "TrainerController.start_learning": {
            "total": 116.4577648,
            "count": 1,
            "self": 0.04428419999982225,
            "children": {
                "TrainerController._reset_env": {
                    "total": 11.5997907,
                    "count": 1,
                    "self": 8.434503999999999,
                    "children": {
                        "demo_to_buffer": {
                            "total": 3.165286700000001,
                            "count": 2,
                            "self": 0.00014330000000128962,
                            "children": {
                                "load_demonstration": {
                                    "total": 0.05040479999999903,
                                    "count": 2,
                                    "self": 0.048438199999999654,
                                    "children": {
                                        "read_file": {
                                            "total": 0.0019665999999993744,
                                            "count": 2,
                                            "self": 0.0019665999999993744
                                        }
                                    }
                                },
                                "make_demo_buffer": {
                                    "total": 3.114738600000001,
                                    "count": 2,
                                    "self": 0.4532881000001403,
                                    "children": {
                                        "steps_from_proto": {
                                            "total": 2.6614504999998605,
                                            "count": 19960,
                                            "self": 1.5313036000000526,
                                            "children": {
                                                "_process_rank_one_or_two_observation": {
                                                    "total": 1.1301468999998079,
                                                    "count": 79840,
                                                    "self": 1.1301468999998079
                                                }
                                            }
                                        }
                                    }
                                }
                            }
                        }
                    }
                },
                "TrainerController.advance": {
                    "total": 103.65396450000017,
                    "count": 1870,
                    "self": 0.04010530000034862,
                    "children": {
                        "env_step": {
                            "total": 30.84946239999981,
                            "count": 1870,
                            "self": 27.647619599999867,
                            "children": {
                                "SubprocessEnvManager._take_step": {
                                    "total": 3.175452800000029,
                                    "count": 1871,
                                    "self": 0.0975707000000181,
                                    "children": {
                                        "TorchPolicy.evaluate": {
                                            "total": 3.0778821000000107,
                                            "count": 1871,
                                            "self": 3.0778821000000107
                                        }
                                    }
                                },
                                "workers": {
                                    "total": 0.026389999999912206,
                                    "count": 1869,
                                    "self": 0.0,
                                    "children": {
                                        "worker_root": {
                                            "total": 93.10529139999989,
                                            "count": 1869,
                                            "is_parallel": true,
                                            "self": 76.13890569999995,
                                            "children": {
                                                "steps_from_proto": {
                                                    "total": 0.0009426999999995189,
                                                    "count": 2,
                                                    "is_parallel": true,
                                                    "self": 0.0004403000000010593,
                                                    "children": {
                                                        "_process_rank_one_or_two_observation": {
                                                            "total": 0.0005023999999984596,
                                                            "count": 8,
                                                            "is_parallel": true,
                                                            "self": 0.0005023999999984596
                                                        }
                                                    }
                                                },
                                                "UnityEnvironment.step": {
                                                    "total": 16.965442999999933,
                                                    "count": 1869,
                                                    "is_parallel": true,
                                                    "self": 0.1746851000000902,
                                                    "children": {
                                                        "UnityEnvironment._generate_step_input": {
                                                            "total": 0.14041900000004404,
                                                            "count": 1869,
                                                            "is_parallel": true,
                                                            "self": 0.14041900000004404
                                                        },
                                                        "communicator.exchange": {
                                                            "total": 16.027165699999795,
                                                            "count": 1869,
                                                            "is_parallel": true,
                                                            "self": 16.027165699999795
                                                        },
                                                        "steps_from_proto": {
                                                            "total": 0.6231732000000036,
                                                            "count": 1869,
                                                            "is_parallel": true,