{"count":1,"self":45.041139199999996,"total":49.9342318,"children":{"InitializeActuators":{"count":1,"self":0.001083,"total":0.001083,"children":null},"InitializeSensors":{"count":1,"self":0.0010096999999999999,"total":0.0010096999999999999,"children":null},"AgentSendState":{"count":6563,"self":0.0238049,"total":0.053716799999999995,"children":{"CollectObservations":{"count":1313,"self":0.0114296,"total":0.0114296,"children":null},"WriteActionMask":{"count":1313,"self":0.0052829999999999995,"total":0.0052829999999999995,"children":null},"RequestDecision":{"count":1313,"self":0.013199299999999999,"total":0.013199299999999999,"children":null}}},"DecideAction":{"count":6563,"self":4.7752728,"total":4.7752729999999994,"children":null},"AgentAct":{"count":6563,"self":0.062009299999999996,"total":0.062009299999999996,"children":null}},"gauges":{"MovetoGoal.CumulativeReward":{"count":59,"max":200,"min":-1217.72888,"runningAverage":-103.488258,"value":134.609375,"weightedAverage":-38.6650124}},"metadata":{"timer_format_version":"0.1.0","start_time_seconds":"1710341325","unity_version":"2022.3.0f1","command_line_arguments":"D:\\unity\\2022.3.0f1\\Editor\\Unity.exe -projectpath D:\\unity\\gammmm\\Copy-Car -useHub -hubIPC -cloudEnvironment production -licensingIpc LicenseClient-himan -hubSessionId 6be344c9-b9e0-4630-8cb7-d0fcb2e858ef -accessToken o_ODV5Wls8k7GIR6h0d6OHsP9b_qt_AoOGszVV1aaaE00cf","communication_protocol_version":"1.5.0","com.unity.ml-agents_version":"2.0.1","scene_name":"SampleScene","end_time_seconds":"1710341375"}}