{"count":1,"self":131.14152959999998,"total":134.1093888,"children":{"InitializeActuators":{"count":1,"self":0.0020314,"total":0.0020314,"children":null},"InitializeSensors":{"count":1,"self":0.0015142999999999999,"total":0.0015142999999999999,"children":null},"AgentSendState":{"count":6453,"self":0.027857999999999997,"total":0.0563754,"children":{"CollectObservations":{"count":1291,"self":0.0086435,"total":0.0086435,"children":null},"WriteActionMask":{"count":1291,"self":0.0020479,"total":0.0020479,"children":null},"RequestDecision":{"count":1291,"self":0.017825999999999998,"total":0.017825999999999998,"children":null}}},"DecideAction":{"count":6453,"self":2.8399464,"total":2.8399464,"children":null},"AgentAct":{"count":6453,"self":0.066972999999999991,"total":0.066972999999999991,"children":null}},"gauges":{"MovetoGoal.CumulativeReward":{"count":63,"max":189.528229,"min":-884.6808,"runningAverage":-41.54351,"value":116.88665,"weightedAverage":62.5916367}},"metadata":{"timer_format_version":"0.1.0","start_time_seconds":"1714222063","unity_version":"2022.3.0f1","command_line_arguments":"D:\\unity\\2022.3.0f1\\Editor\\Unity.exe -projectpath D:\\unity\\gammmm\\Copy-Car -useHub -hubIPC -cloudEnvironment production -licensingIpc LicenseClient-himan -hubSessionId 3d613cc1-2e4f-4e27-bb69-cf220fc66793 -accessToken 31TuI4S6YtVa9ux9oyjTPlLPU8zAvMrgCwhUyxsp36o00cf","communication_protocol_version":"1.5.0","com.unity.ml-agents_version":"2.0.1","scene_name":"SampleScene","end_time_seconds":"1714222197"}}