{
    "name": "root",
    "gauges": {
        "MovetoGoal.Policy.Entropy.mean": {
            "value": 2.133876323699951,
            "min": 2.126849412918091,
            "max": 2.155583620071411,
            "count": 5
        },
        "MovetoGoal.Policy.Entropy.sum": {
            "value": 106318.2578125,
            "min": 105968.140625,
            "max": 108331.0078125,
            "count": 5
        },
        "MovetoGoal.Step.mean": {
            "value": 249937.0,
            "min": 49986.0,
            "max": 249937.0,
            "count": 5
        },
        "MovetoGoal.Step.sum": {
            "value": 249937.0,
            "min": 49986.0,
            "max": 249937.0,
            "count": 5
        },
        "MovetoGoal.Policy.ExtrinsicValueEstimate.mean": {
            "value": 0.24404774606227875,
            "min": 0.24404774606227875,
            "max": 1.936264991760254,
            "count": 5
        },
        "MovetoGoal.Policy.ExtrinsicValueEstimate.sum": {
            "value": 213.54177856445312,
            "min": 213.54177856445312,
            "max": 1690.359375,
            "count": 5
        },
        "MovetoGoal.Environment.EpisodeLength.mean": {
            "value": 399.0,
            "min": 370.9212598425197,
            "max": 399.0,
            "count": 5
        },
        "MovetoGoal.Environment.EpisodeLength.sum": {
            "value": 49875.0,
            "min": 47107.0,
            "max": 50547.0,
            "count": 5
        },
        "MovetoGoal.Environment.CumulativeReward.mean": {
            "value": 0.0,
            "min": -0.15555555555555556,
            "max": 0.0,
            "count": 5
        },
        "MovetoGoal.Environment.CumulativeReward.sum": {
            "value": 0.0,
            "min": -21.0,
            "max": 0.0,
            "count": 5
        },
        "MovetoGoal.Policy.ExtrinsicReward.mean": {
            "value": 0.0,
            "min": -0.15555555555555556,
            "max": 0.0,
            "count": 5
        },
        "MovetoGoal.Policy.ExtrinsicReward.sum": {
            "value": 0.0,
            "min": -21.0,
            "max": 0.0,
            "count": 5
        },
        "MovetoGoal.Losses.PolicyLoss.mean": {
            "value": 0.024907806511037054,
            "min": 0.02276063027946899,
            "max": 0.026205016229262888,
            "count": 5
        },
        "MovetoGoal.Losses.PolicyLoss.sum": {
            "value": 0.12453903255518527,
            "min": 0.10482006491705155,
            "max": 0.12489726932253689,
            "count": 5
        },
        "MovetoGoal.Losses.ValueLoss.mean": {
            "value": 0.0003752327852998861,
            "min": 0.0003752327852998861,
            "max": 0.037959385019106166,
            "count": 5
        },
        "MovetoGoal.Losses.ValueLoss.sum": {
            "value": 0.0018761639264994303,
            "min": 0.0018761639264994303,
            "max": 0.17311459526730083,
            "count": 5
        },
        "MovetoGoal.Policy.LearningRate.mean": {
            "value": 0.00016266184577940003,
            "min": 0.00016266184577940003,
            "max": 0.00028431270522909994,
            "count": 5
        },
        "MovetoGoal.Policy.LearningRate.sum": {
            "value": 0.0008133092288970001,
            "min": 0.0008133092288970001,
            "max": 0.0012812958729013996,
            "count": 5
        },
        "MovetoGoal.Policy.Epsilon.mean": {
            "value": 0.1542206,
            "min": 0.1542206,
            "max": 0.1947709,
            "count": 5
        },
        "MovetoGoal.Policy.Epsilon.sum": {
            "value": 0.7711030000000001,
            "min": 0.7711030000000001,
            "max": 0.9270985999999998,
            "count": 5
        },
        "MovetoGoal.Policy.Beta.mean": {
            "value": 0.00271560794,
            "min": 0.00271560794,
            "max": 0.00473906791,
            "count": 5
        },
        "MovetoGoal.Policy.Beta.sum": {
            "value": 0.013578039699999999,
            "min": 0.013578039699999999,
            "max": 0.021362220140000006,
            "count": 5
        },
        "MovetoGoal.IsTraining.mean": {
            "value": 1.0,
            "min": 1.0,
            "max": 1.0,
            "count": 5
        },
        "MovetoGoal.IsTraining.sum": {
            "value": 1.0,
            "min": 1.0,
            "max": 1.0,
            "count": 5
        }
    },
    "metadata": {
        "timer_format_version": "0.1.0",
        "start_time_seconds": "1710222899",
        "python_version": "3.9.13 (tags/v3.9.13:6de2ca5, May 17 2022, 16:36:42) [MSC v.1929 64 bit (AMD64)]",
        "command_line_arguments": "D:\\unity\\gammmm\\Copy-Car\\venv\\Scripts\\mlagents-learn --run-id=test8",
        "mlagents_version": "0.30.0",
        "mlagents_envs_version": "0.30.0",
        "communication_protocol_version": "1.5.0",
        "pytorch_version": "2.0.1+cpu",
        "numpy_version": "1.21.2",
        "end_time_seconds": "1710223328"
    },
    "total": 429.55769449999997,
    "count": 1,
    "self": 0.008485000000007403,
    "children": {
        "run_training.setup": {
            "total": 0.035510299999999884,
            "count": 1,
            "self": 0.035510299999999884
        },
        "TrainerController.start_learning": {
            "total": 429.51369919999996,
            "count": 1,
            "self": 0.9523185000007857,
            "children": {
                "TrainerController._reset_env": {
                    "total": 10.658771400000001,
                    "count": 1,
                    "self": 10.658771400000001
                },
                "TrainerController.advance": {
                    "total": 417.7033542999992,
                    "count": 32518,
                    "self": 0.845950399998685,
                    "children": {
                        "env_step": {
                            "total": 320.8997801999969,
                            "count": 32518,
                            "self": 255.9539161000012,
                            "children": {
                                "SubprocessEnvManager._take_step": {
                                    "total": 64.38542609999763,
                                    "count": 32518,
                                    "self": 2.4853358999961728,
                                    "children": {
                                        "TorchPolicy.evaluate": {
                                            "total": 61.90009020000146,
                                            "count": 32353,
                                            "self": 61.90009020000146
                                        }
                                    }
                                },
                                "workers": {
                                    "total": 0.5604379999980491,
                                    "count": 32517,
                                    "self": 0.0,
                                    "children": {
                                        "worker_root": {
                                            "total": 403.70460870000244,
                                            "count": 32517,
                                            "is_parallel": true,
                                            "self": 212.48945340000228,
                                            "children": {
                                                "steps_from_proto": {
                                                    "total": 0.0018734000000009132,
                                                    "count": 1,
                                                    "is_parallel": true,
                                                    "self": 0.0013924000000002934,