{
    "name": "root",
    "metadata": {
        "timer_format_version": "0.1.0",
        "start_time_seconds": "1713761729",
        "python_version": "3.9.13 (tags/v3.9.13:6de2ca5, May 17 2022, 16:36:42) [MSC v.1929 64 bit (AMD64)]",
        "command_line_arguments": "D:\\unity\\gammmm\\Copy-Car\\venv\\Scripts\\mlagents-learn config/carBehaviour.yaml --run-id=no HB 1 --time-scale 9",
        "mlagents_version": "0.30.0",
        "mlagents_envs_version": "0.30.0",
        "communication_protocol_version": "1.5.0",
        "pytorch_version": "2.0.1+cpu",
        "numpy_version": "1.21.2",
        "end_time_seconds": "1713761775"
    },
    "total": 45.8402739,
    "count": 1,
    "self": 0.04350889999999907,
    "children": {
        "run_training.setup": {
            "total": 0.3355069999999998,
            "count": 1,
            "self": 0.3355069999999998
        },
        "TrainerController.start_learning": {
            "total": 45.461258,
            "count": 1,
            "self": 0.0003510000000019886,
            "children": {
                "TrainerController._reset_env": {
                    "total": 45.4520268,
                    "count": 1,
                    "self": 28.239856499999995,
                    "children": {
                        "demo_to_buffer": {
                            "total": 17.212170300000004,
                            "count": 1,
                            "self": 8.470000000926348e-05,
                            "children": {
                                "load_demonstration": {
                                    "total": 0.2460761999999974,
                                    "count": 1,
                                    "self": 0.24360439999999528,
                                    "children": {
                                        "read_file": {
                                            "total": 0.0024718000000021334,
                                            "count": 1,
                                            "self": 0.0024718000000021334
                                        }
                                    }
                                },
                                "make_demo_buffer": {
                                    "total": 16.966009399999997,
                                    "count": 1,
                                    "self": 2.4848449999990763,
                                    "children": {
                                        "steps_from_proto": {
                                            "total": 14.481164400000921,
                                            "count": 35580,
                                            "self": 8.48391090000218,
                                            "children": {
                                                "_process_rank_one_or_two_observation": {
                                                    "total": 5.997253499998742,
                                                    "count": 142320,
                                                    "self": 5.997253499998742
                                                }
                                            }
                                        }
                                    }
                                }
                            }
                        }
                    }
                },
                "TrainerController._save_models": {
                    "total": 0.008880200000000116,
                    "count": 1,
                    "self": 0.0005207000000027051,
                    "children": {
                        "RLTrainer._checkpoint": {
                            "total": 0.00835949999999741,
                            "count": 1,
                            "self": 0.00835949999999741
                        }
                    }
                }
            }
        }
    }
}