{
    "name": "root",
    "gauges": {
        "CarBehaviour.Policy.Entropy.mean": {
            "value": 1.1499956846237183,
            "min": 0.8901195526123047,
            "max": 2.880040168762207,
            "count": 19
        },
        "CarBehaviour.Policy.Entropy.sum": {
            "value": 11495.357421875,
            "min": 8773.0185546875,
            "max": 29675.93359375,
            "count": 19
        },
        "CarBehaviour.Step.mean": {
            "value": 189976.0,
            "min": 9960.0,
            "max": 189976.0,
            "count": 19
        },
        "CarBehaviour.Step.sum": {
            "value": 189976.0,
            "min": 9960.0,
            "max": 189976.0,
            "count": 19
        },
        "CarBehaviour.Policy.ExtrinsicValueEstimate.mean": {
            "value": -0.39329051971435547,
            "min": -0.8341174125671387,
            "max": 0.5489997267723083,
            "count": 19
        },
        "CarBehaviour.Policy.ExtrinsicValueEstimate.sum": {
            "value": -61.746612548828125,
            "min": -130.95501708984375,
            "max": 87.29095458984375,
            "count": 19
        },
        "CarBehaviour.Policy.GailValueEstimate.mean": {
            "value": 21.721086502075195,
            "min": -0.7485905289649963,
            "max": 42.716346740722656,
            "count": 19
        },
        "CarBehaviour.Policy.GailValueEstimate.sum": {
            "value": 3410.21044921875,
            "min": -116.78012084960938,
            "max": 6791.8994140625,
            "count": 19
        },
        "CarBehaviour.Environment.EpisodeLength.mean": {
            "value": 499.0,
            "min": 499.0,
            "max": 2224.0,
            "count": 19
        },
        "CarBehaviour.Environment.EpisodeLength.sum": {
            "value": 1497.0,
            "min": 998.0,
            "max": 18291.0,
            "count": 19
        },
        "CarBehaviour.Environment.CumulativeReward.mean": {
            "value": -10.93333387374878,
            "min": -133.71251067891717,
            "max": 0.0,
            "count": 19
        },
        "CarBehaviour.Environment.CumulativeReward.sum": {
            "value": -32.80000162124634,
            "min": -1177.4000983834267,
            "max": 0.0,
            "count": 19
        },
        "CarBehaviour.Policy.ExtrinsicReward.mean": {
            "value": -1.0933334256211917,
            "min": -13.371250908821821,
            "max": 0.0,
            "count": 19
        },
        "CarBehaviour.Policy.ExtrinsicReward.sum": {
            "value": -3.280000276863575,
            "min": -117.74000836536288,
            "max": 0.0,
            "count": 19
        },
        "CarBehaviour.Policy.GailReward.mean": {
            "value": 220.27393953005472,
            "min": 99.56056865553062,
            "max": 1258.8713982668187,
            "count": 19
        },
        "CarBehaviour.Policy.GailReward.sum": {
            "value": 660.8218185901642,
            "min": 298.68170596659184,
            "max": 11329.84258440137,
            "count": 19
        },
        "CarBehaviour.IsTraining.mean": {
            "value": 1.0,
            "min": 1.0,
            "max": 1.0,
            "count": 19
        },
        "CarBehaviour.IsTraining.sum": {
            "value": 1.0,
            "min": 1.0,
            "max": 1.0,
            "count": 19
        },
        "CarBehaviour.Losses.PolicyLoss.mean": {
            "value": 0.04558094709694463,
            "min": 0.04555203816513919,
            "max": 0.056632870785930815,
            "count": 18
        },
        "CarBehaviour.Losses.PolicyLoss.sum": {
            "value": 0.04558094709694463,
            "min": 0.04555203816513919,
            "max": 0.056632870785930815,
            "count": 18
        },
        "CarBehaviour.Losses.ValueLoss.mean": {
            "value": 14.206972293059032,
            "min": 5.304421339432398,
            "max": 67.58781239191691,
            "count": 18
        },
        "CarBehaviour.Losses.ValueLoss.sum": {
            "value": 14.206972293059032,
            "min": 5.304421339432398,
            "max": 67.58781239191691,
            "count": 18
        },
        "CarBehaviour.Policy.LearningRate.mean": {
            "value": 0.00018742803752399997,
            "min": 0.00018742803752399997,
            "max": 0.00029383200205599996,
            "count": 18
        },
        "CarBehaviour.Policy.LearningRate.sum": {
            "value": 0.00018742803752399997,
            "min": 0.00018742803752399997,
            "max": 0.00029383200205599996,
            "count": 18
        },
        "CarBehaviour.Policy.Epsilon.mean": {
            "value": 0.162476,
            "min": 0.162476,
            "max": 0.19794400000000006,
            "count": 18
        },
        "CarBehaviour.Policy.Epsilon.sum": {
            "value": 0.162476,
            "min": 0.162476,
            "max": 0.19794400000000006,
            "count": 18
        },
        "CarBehaviour.Policy.Beta.mean": {
            "value": 0.00031613240000000003,
            "min": 0.00031613240000000003,
            "max": 0.0004899255999999999,
            "count": 18
        },
        "CarBehaviour.Policy.Beta.sum": {
            "value": 0.00031613240000000003,
            "min": 0.00031613240000000003,
            "max": 0.0004899255999999999,
            "count": 18
        },
        "CarBehaviour.Policy.GAILPolicyEstimate.mean": {
            "value": 0.12264288229246935,
            "min": 0.09961576939870914,
            "max": 0.33155321665108206,
            "count": 18
        },
        "CarBehaviour.Policy.GAILPolicyEstimate.sum": {
            "value": 0.12264288229246935,
            "min": 0.09961576939870914,
            "max": 0.33155321665108206,
            "count": 18
        },
        "CarBehaviour.Policy.GAILExpertEstimate.mean": {
            "value": 0.800614309310913,
            "min": 0.6980432033538818,
            "max": 0.8141571948925654,
            "count": 18
        },
        "CarBehaviour.Policy.GAILExpertEstimate.sum": {
            "value": 0.800614309310913,
            "min": 0.6980432033538818,
            "max": 0.8141571948925654,
            "count": 18
        },
        "CarBehaviour.Losses.GAILLoss.mean": {
            "value": 0.3854994607468446,
            "min": 0.3379189064105352,
            "max": 0.8021931573748589,
            "count": 18
        },
        "CarBehaviour.Losses.GAILLoss.sum": {
            "value": 0.3854994607468446,
            "min": 0.3379189064105352,
            "max": 0.8021931573748589,
            "count": 18
        },
        "CarBehaviour.Policy.GAILGradMagLoss.mean": {
            "value": 0.1132161283865571,
            "min": 0.10937044943372408,
            "max": 5.570068442821503,
            "count": 18
        },
        "CarBehaviour.Policy.GAILGradMagLoss.sum": {
            "value": 0.1132161283865571,
            "min": 0.10937044943372408,
            "max": 5.570068442821503,
            "count": 18
        },
        "CarBehaviour.Losses.PretrainingLoss.mean": {
            "value": 0.17602013051509857,
            "min": 0.17602013051509857,
            "max": 0.46623004517621464,
            "count": 18
        },
        "CarBehaviour.Losses.PretrainingLoss.sum": {
            "value": 0.17602013051509857,
            "min": 0.17602013051509857,
            "max": 0.46623004517621464,
            "count": 18
        }
    },
    "metadata": {
        "timer_format_version": "0.1.0",
        "start_time_seconds": "1713619146",
        "python_version": "3.9.13 (tags/v3.9.13:6de2ca5, May 17 2022, 16:36:42) [MSC v.1929 64 bit (AMD64)]",
        "command_line_arguments": "D:\\unity\\gammmm\\Copy-Car\\venv\\Scripts\\mlagents-learn config/carBehaviour.yaml --run-id=car ML 31 --time-scale 9",
        "mlagents_version": "0.30.0",
        "mlagents_envs_version": "0.30.0",