{
    "name": "root",
    "gauges": {
        "CarBehaviour.Policy.Entropy.mean": {
            "value": 1.969028353691101,
            "min": 1.8334218263626099,
            "max": 2.193416118621826,
            "count": 21
        },
        "CarBehaviour.Policy.Entropy.sum": {
            "value": 18745.150390625,
            "min": 17454.17578125,
            "max": 23215.1171875,
            "count": 21
        },
        "CarBehaviour.Step.mean": {
            "value": 209896.0,
            "min": 9944.0,
            "max": 209896.0,
            "count": 21
        },
        "CarBehaviour.Step.sum": {
            "value": 209896.0,
            "min": 9944.0,
            "max": 209896.0,
            "count": 21
        },
        "CarBehaviour.Policy.ExtrinsicValueEstimate.mean": {
            "value": -0.7747235298156738,
            "min": -1.2146031856536865,
            "max": 0.45237818360328674,
            "count": 21
        },
        "CarBehaviour.Policy.ExtrinsicValueEstimate.sum": {
            "value": -61.977882385253906,
            "min": -97.16825866699219,
            "max": 36.19025421142578,
            "count": 21
        },
        "CarBehaviour.Policy.GailValueEstimate.mean": {
            "value": 50.846351623535156,
            "min": -0.005413995590060949,
            "max": 53.58930206298828,
            "count": 21
        },
        "CarBehaviour.Policy.GailValueEstimate.sum": {
            "value": 4067.7080078125,
            "min": -0.42770564556121826,
            "max": 4287.14404296875,
            "count": 21
        },
        "CarBehaviour.Environment.EpisodeLength.mean": {
            "value": 999.0,
            "min": 999.0,
            "max": 999.0,
            "count": 21
        },
        "CarBehaviour.Environment.EpisodeLength.sum": {
            "value": 13986.0,
            "min": 6993.0,
            "max": 13986.0,
            "count": 21
        },
        "CarBehaviour.Environment.CumulativeReward.mean": {
            "value": -46.230006690208725,
            "min": -46.230006690208725,
            "max": 1.0,
            "count": 21
        },
        "CarBehaviour.Environment.CumulativeReward.sum": {
            "value": -600.9900869727135,
            "min": -600.9900869727135,
            "max": 7.0,
            "count": 21
        },
        "CarBehaviour.Policy.ExtrinsicReward.mean": {
            "value": -13.869002804160118,
            "min": -13.869002804160118,
            "max": 0.30000001192092896,
            "count": 21
        },
        "CarBehaviour.Policy.ExtrinsicReward.sum": {
            "value": -180.29703645408154,
            "min": -180.29703645408154,
            "max": 2.1000000834465027,
            "count": 21
        },
        "CarBehaviour.Policy.GailReward.mean": {
            "value": 529.7721695533165,
            "min": 510.60465403965543,
            "max": 692.078256879534,
            "count": 21
        },
        "CarBehaviour.Policy.GailReward.sum": {
            "value": 6887.038204193115,
            "min": 3574.232578277588,
            "max": 9367.852584838867,
            "count": 21
        },
        "CarBehaviour.IsTraining.mean": {
            "value": 1.0,
            "min": 1.0,
            "max": 1.0,
            "count": 21
        },
        "CarBehaviour.IsTraining.sum": {
            "value": 1.0,
            "min": 1.0,
            "max": 1.0,
            "count": 21
        },
        "CarBehaviour.Losses.PolicyLoss.mean": {
            "value": 0.01652450311424521,
            "min": 0.01015206352652361,
            "max": 0.025181798885265987,
            "count": 19
        },
        "CarBehaviour.Losses.PolicyLoss.sum": {
            "value": 0.01652450311424521,
            "min": 0.01015206352652361,
            "max": 0.025181798885265987,
            "count": 19
        },
        "CarBehaviour.Losses.ValueLoss.mean": {
            "value": 70.34124247233073,
            "min": 69.50189259847005,
            "max": 264.02390747070314,
            "count": 19
        },
        "CarBehaviour.Losses.ValueLoss.sum": {
            "value": 70.34124247233073,
            "min": 69.50189259847005,
            "max": 264.02390747070314,
            "count": 19
        },
        "CarBehaviour.Policy.LearningRate.mean": {
            "value": 0.00029401248199583996,
            "min": 0.00029401248199583996,
            "max": 0.00029968248010584,
            "count": 19
        },
        "CarBehaviour.Policy.LearningRate.sum": {
            "value": 0.00029401248199583996,
            "min": 0.00029401248199583996,
            "max": 0.00029968248010584,
            "count": 19
        },
        "CarBehaviour.Policy.Epsilon.mean": {
            "value": 0.19800416,
            "min": 0.19800416,
            "max": 0.19989416,
            "count": 19
        },
        "CarBehaviour.Policy.Epsilon.sum": {
            "value": 0.19800416,
            "min": 0.19800416,
            "max": 0.19989416,
            "count": 19
        },
        "CarBehaviour.Policy.Beta.mean": {
            "value": 0.0004902203839999999,
            "min": 0.0004902203839999999,
            "max": 0.0004994813839999998,
            "count": 19
        },
        "CarBehaviour.Policy.Beta.sum": {
            "value": 0.0004902203839999999,
            "min": 0.0004902203839999999,
            "max": 0.0004994813839999998,
            "count": 19
        },
        "CarBehaviour.Policy.GAILPolicyEstimate.mean": {
            "value": 0.42380385597546893,
            "min": 0.40504007736841835,
            "max": 0.495617413520813,
            "count": 19
        },
        "CarBehaviour.Policy.GAILPolicyEstimate.sum": {
            "value": 0.42380385597546893,
            "min": 0.40504007736841835,
            "max": 0.495617413520813,
            "count": 19
        },
        "CarBehaviour.Policy.GAILExpertEstimate.mean": {
            "value": 0.5781391501426697,
            "min": 0.5186150391896566,
            "max": 0.6002344012260437,
            "count": 19
        },
        "CarBehaviour.Policy.GAILExpertEstimate.sum": {
            "value": 0.5781391501426697,
            "min": 0.5186150391896566,
            "max": 0.6002344012260437,
            "count": 19
        },
        "CarBehaviour.Losses.GAILLoss.mean": {
            "value": 1.18201740582784,
            "min": 1.1273316462834677,
            "max": 1.3388717571894329,
            "count": 19
        },
        "CarBehaviour.Losses.GAILLoss.sum": {
            "value": 1.18201740582784,
            "min": 1.1273316462834677,
            "max": 1.3388717571894329,
            "count": 19
        },
        "CarBehaviour.Policy.GAILBeta.mean": {
            "value": 0.3319177389144897,
            "min": 0.2276930868625641,
            "max": 0.3319177389144897,
            "count": 19
        },
        "CarBehaviour.Policy.GAILBeta.sum": {
            "value": 0.3319177389144897,
            "min": 0.2276930868625641,
            "max": 0.3319177389144897,
            "count": 19
        },
        "CarBehaviour.Losses.GAILKLLoss.mean": {
            "value": 0.5297727445761363,
            "min": 0.5297727445761363,
            "max": 38.13932209014892,
            "count": 19
        },
        "CarBehaviour.Losses.GAILKLLoss.sum": {
            "value": 0.5297727445761363,
            "min": 0.5297727445761363,
            "max": 38.13932209014892,
            "count": 19
        },
        "CarBehaviour.Policy.GAILGradMagLoss.mean": {
            "value": 0.21729302008946735,
            "min": 0.21729302008946735,
            "max": 9.936995633443196,
            "count": 19
        },
        "CarBehaviour.Policy.GAILGradMagLoss.sum": {
            "value": 0.21729302008946735,
            "min": 0.21729302008946735,
            "max": 9.936995633443196,
            "count": 19
        },
        "CarBehaviour.Losses.PretrainingLoss.mean": {
            "value": 0.0,