{
    "name": "root",
    "gauges": {
        "CarBehaviour.Policy.Entropy.mean": {
            "value": 2.239588737487793,
            "min": 2.1890385150909424,
            "max": 2.8806259632110596,
            "count": 25
        },
        "CarBehaviour.Policy.Entropy.sum": {
            "value": 23076.72265625,
            "min": 21329.9921875,
            "max": 29681.96875,
            "count": 25
        },
        "CarBehaviour.Step.mean": {
            "value": 249984.0,
            "min": 9984.0,
            "max": 249984.0,
            "count": 25
        },
        "CarBehaviour.Step.sum": {
            "value": 249984.0,
            "min": 9984.0,
            "max": 249984.0,
            "count": 25
        },
        "CarBehaviour.Policy.ExtrinsicValueEstimate.mean": {
            "value": -0.5700490474700928,
            "min": -1.4584640264511108,
            "max": -0.29674649238586426,
            "count": 25
        },
        "CarBehaviour.Policy.ExtrinsicValueEstimate.sum": {
            "value": -89.4977035522461,
            "min": -230.43731689453125,
            "max": -46.29245376586914,
            "count": 25
        },
        "CarBehaviour.Policy.GailValueEstimate.mean": {
            "value": 11.251932144165039,
            "min": 0.18151600658893585,
            "max": 47.60670471191406,
            "count": 25
        },
        "CarBehaviour.Policy.GailValueEstimate.sum": {
            "value": 1766.5533447265625,
            "min": 28.316497802734375,
            "max": 7521.859375,
            "count": 25
        },
        "CarBehaviour.IsTraining.mean": {
            "value": 1.0,
            "min": 1.0,
            "max": 1.0,
            "count": 25
        },
        "CarBehaviour.IsTraining.sum": {
            "value": 1.0,
            "min": 1.0,
            "max": 1.0,
            "count": 25
        },
        "CarBehaviour.Losses.PolicyLoss.mean": {
            "value": 0.055393037176123115,
            "min": 0.04341147018961541,
            "max": 0.055393037176123115,
            "count": 23
        },
        "CarBehaviour.Losses.PolicyLoss.sum": {
            "value": 0.055393037176123115,
            "min": 0.04341147018961541,
            "max": 0.055393037176123115,
            "count": 23
        },
        "CarBehaviour.Losses.ValueLoss.mean": {
            "value": 6.773464600245158,
            "min": 2.1835170368353527,
            "max": 45.45010676383972,
            "count": 23
        },
        "CarBehaviour.Losses.ValueLoss.sum": {
            "value": 6.773464600245158,
            "min": 2.1835170368353527,
            "max": 45.45010676383972,
            "count": 23
        },
        "CarBehaviour.Policy.LearningRate.mean": {
            "value": 0.00015538564820479997,
            "min": 0.00015538564820479997,
            "max": 0.00029381760206079996,
            "count": 23
        },
        "CarBehaviour.Policy.LearningRate.sum": {
            "value": 0.00015538564820479997,
            "min": 0.00015538564820479997,
            "max": 0.00029381760206079996,
            "count": 23
        },
        "CarBehaviour.Policy.Epsilon.mean": {
            "value": 0.1517952,
            "min": 0.1517952,
            "max": 0.1979392,
            "count": 23
        },
        "CarBehaviour.Policy.Epsilon.sum": {
            "value": 0.1517952,
            "min": 0.1517952,
            "max": 0.1979392,
            "count": 23
        },
        "CarBehaviour.Policy.Beta.mean": {
            "value": 0.00026379648000000004,
            "min": 0.00026379648000000004,
            "max": 0.00048990208,
            "count": 23
        },
        "CarBehaviour.Policy.Beta.sum": {
            "value": 0.00026379648000000004,
            "min": 0.00026379648000000004,
            "max": 0.00048990208,
            "count": 23
        },
        "CarBehaviour.Policy.GAILPolicyEstimate.mean": {
            "value": 0.10309556550611325,
            "min": 0.06911113566408554,
            "max": 0.42515264078974724,
            "count": 23
        },
        "CarBehaviour.Policy.GAILPolicyEstimate.sum": {
            "value": 0.10309556550611325,
            "min": 0.06911113566408554,
            "max": 0.42515264078974724,
            "count": 23
        },
        "CarBehaviour.Policy.GAILExpertEstimate.mean": {
            "value": 0.8001860574008973,
            "min": 0.7152671765505783,
            "max": 0.8149064396818478,
            "count": 23
        },
        "CarBehaviour.Policy.GAILExpertEstimate.sum": {
            "value": 0.8001860574008973,
            "min": 0.7152671765505783,
            "max": 0.8149064396818478,
            "count": 23
        },
        "CarBehaviour.Losses.GAILLoss.mean": {
            "value": 0.3580564926794874,
            "min": 0.29232039811710514,
            "max": 1.0334326500693958,
            "count": 23
        },
        "CarBehaviour.Losses.GAILLoss.sum": {
            "value": 0.3580564926794874,
            "min": 0.29232039811710514,
            "max": 1.0334326500693958,
            "count": 23
        },
        "CarBehaviour.Policy.GAILGradMagLoss.mean": {
            "value": 0.11807361214868421,
            "min": 0.11807361214868421,
            "max": 8.944333775838215,
            "count": 23
        },
        "CarBehaviour.Policy.GAILGradMagLoss.sum": {
            "value": 0.11807361214868421,
            "min": 0.11807361214868421,
            "max": 8.944333775838215,
            "count": 23
        },
        "CarBehaviour.Environment.EpisodeLength.mean": {
            "value": 2799.0,
            "min": 2799.0,
            "max": 2799.0,
            "count": 12
        },
        "CarBehaviour.Environment.EpisodeLength.sum": {
            "value": 19593.0,
            "min": 19593.0,
            "max": 19593.0,
            "count": 12
        },
        "CarBehaviour.Environment.CumulativeReward.mean": {
            "value": -181.00001323116678,
            "min": -181.00001323116678,
            "max": -6.357143487249102,
            "count": 12
        },
        "CarBehaviour.Environment.CumulativeReward.sum": {
            "value": -1267.0000926181674,
            "min": -1267.0000926181674,
            "max": -44.50000441074371,
            "count": 12
        },
        "CarBehaviour.Policy.ExtrinsicReward.mean": {
            "value": -18.10000120382756,
            "min": -18.10000120382756,
            "max": -0.635714337761913,
            "count": 12
        },
        "CarBehaviour.Policy.ExtrinsicReward.sum": {
            "value": -126.70000842679292,
            "min": -126.70000842679292,
            "max": -4.450000364333391,
            "count": 12
        },
        "CarBehaviour.Policy.GailReward.mean": {
            "value": 354.61407222066606,
            "min": 277.8931014878409,
            "max": 1479.8176085608345,
            "count": 12
        },
        "CarBehaviour.Policy.GailReward.sum": {
            "value": 2482.2985055446625,
            "min": 1945.2517104148865,
            "max": 10358.723259925842,
            "count": 12
        }
    },
    "metadata": {
        "timer_format_version": "0.1.0",
        "start_time_seconds": "1713618315",
        "python_version": "3.9.13 (tags/v3.9.13:6de2ca5, May 17 2022, 16:36:42) [MSC v.1929 64 bit (AMD64)]",
        "command_line_arguments": "D:\\unity\\gammmm\\Copy-Car\\venv\\Scripts\\mlagents-learn config/carBehaviour.yaml --run-id=car ML 29 --time-scale 9",
        "mlagents_version": "0.30.0",
        "mlagents_envs_version": "0.30.0",
        "communication_protocol_version": "1.5.0",
        "pytorch_version": "2.0.1+cpu",
        "numpy_version": "1.21.2",
        "end_time_seconds": "1713618712"
    },
    "total": 397.24038829999995,
    "count": 1,
    "self": 0.007100399999956153,
    "children": {
        "run_training.setup": {
            "total": 0.09480490000000019,
            "count": 1,