{
    "name": "root",
    "gauges": {
        "CarBehaviour.Policy.Entropy.mean": {
            "value": 2.0319461822509766,
            "min": 1.8867391347885132,
            "max": 2.193507194519043,
            "count": 8
        },
        "CarBehaviour.Policy.Entropy.sum": {
            "value": 21506.1171875,
            "min": 19115.82421875,
            "max": 23216.080078125,
            "count": 8
        },
        "CarBehaviour.Step.mean": {
            "value": 79944.0,
            "min": 9944.0,
            "max": 79944.0,
            "count": 8
        },
        "CarBehaviour.Step.sum": {
            "value": 79944.0,
            "min": 9944.0,
            "max": 79944.0,
            "count": 8
        },
        "CarBehaviour.Policy.ExtrinsicValueEstimate.mean": {
            "value": -0.22411446273326874,
            "min": -0.3257456421852112,
            "max": 1.2717597484588623,
            "count": 8
        },
        "CarBehaviour.Policy.ExtrinsicValueEstimate.sum": {
            "value": -17.929157257080078,
            "min": -26.059650421142578,
            "max": 103.01254272460938,
            "count": 8
        },
        "CarBehaviour.Policy.GailValueEstimate.mean": {
            "value": 21.753437042236328,
            "min": -1.3201364278793335,
            "max": 34.17809295654297,
            "count": 8
        },
        "CarBehaviour.Policy.GailValueEstimate.sum": {
            "value": 1740.27490234375,
            "min": -104.29077911376953,
            "max": 2734.24755859375,
            "count": 8
        },
        "CarBehaviour.Environment.EpisodeLength.mean": {
            "value": 999.0,
            "min": 999.0,
            "max": 999.0,
            "count": 8
        },
        "CarBehaviour.Environment.EpisodeLength.sum": {
            "value": 6993.0,
            "min": 6993.0,
            "max": 13986.0,
            "count": 8
        },
        "CarBehaviour.Environment.CumulativeReward.mean": {
            "value": -15.846759088337421,
            "min": -27.046014347246714,
            "max": 1.1705714208739144,
            "count": 8
        },
        "CarBehaviour.Environment.CumulativeReward.sum": {
            "value": -126.77407270669937,
            "min": -378.644200861454,
            "max": 8.193999946117401,
            "count": 8
        },
        "CarBehaviour.Policy.ExtrinsicReward.mean": {
            "value": -4.754028049297631,
            "min": -8.113804861371007,
            "max": 0.3511714381831033,
            "count": 8
        },
        "CarBehaviour.Policy.ExtrinsicReward.sum": {
            "value": -38.032224394381046,
            "min": -113.59326805919409,
            "max": 2.458200067281723,
            "count": 8
        },
        "CarBehaviour.Policy.GailReward.mean": {
            "value": 585.6241717338562,
            "min": 585.6241717338562,
            "max": 695.3787220546177,
            "count": 8
        },
        "CarBehaviour.Policy.GailReward.sum": {
            "value": 4684.99337387085,
            "min": 4378.2649002075195,
            "max": 9405.938564300537,
            "count": 8
        },
        "CarBehaviour.IsTraining.mean": {
            "value": 1.0,
            "min": 1.0,
            "max": 1.0,
            "count": 8
        },
        "CarBehaviour.IsTraining.sum": {
            "value": 1.0,
            "min": 1.0,
            "max": 1.0,
            "count": 8
        },
        "CarBehaviour.Losses.PolicyLoss.mean": {
            "value": 0.008647554542403669,
            "min": 0.008647554542403669,
            "max": 0.025434492140387496,
            "count": 7
        },
        "CarBehaviour.Losses.PolicyLoss.sum": {
            "value": 0.008647554542403669,
            "min": 0.008647554542403669,
            "max": 0.025434492140387496,
            "count": 7
        },
        "CarBehaviour.Losses.ValueLoss.mean": {
            "value": 123.96305338541667,
            "min": 123.96305338541667,
            "max": 268.31003723144534,
            "count": 7
        },
        "CarBehaviour.Losses.ValueLoss.sum": {
            "value": 123.96305338541667,
            "min": 123.96305338541667,
            "max": 268.31003723144534,
            "count": 7
        },
        "CarBehaviour.Policy.LearningRate.mean": {
            "value": 0.00029779248073583993,
            "min": 0.00029779248073583993,
            "max": 0.00029968248010584,
            "count": 7
        },
        "CarBehaviour.Policy.LearningRate.sum": {
            "value": 0.00029779248073583993,
            "min": 0.00029779248073583993,
            "max": 0.00029968248010584,
            "count": 7
        },
        "CarBehaviour.Policy.Epsilon.mean": {
            "value": 0.19926416000000008,
            "min": 0.19926416000000008,
            "max": 0.19989416,
            "count": 7
        },
        "CarBehaviour.Policy.Epsilon.sum": {
            "value": 0.19926416000000008,
            "min": 0.19926416000000008,
            "max": 0.19989416,
            "count": 7
        },
        "CarBehaviour.Policy.Beta.mean": {
            "value": 0.000496394384,
            "min": 0.000496394384,
            "max": 0.0004994813839999998,
            "count": 7
        },
        "CarBehaviour.Policy.Beta.sum": {
            "value": 0.000496394384,
            "min": 0.000496394384,
            "max": 0.0004994813839999998,
            "count": 7
        },
        "CarBehaviour.Policy.GAILPolicyEstimate.mean": {
            "value": 0.440867668390274,
            "min": 0.440867668390274,
            "max": 0.49439234733581544,
            "count": 7
        },
        "CarBehaviour.Policy.GAILPolicyEstimate.sum": {
            "value": 0.440867668390274,
            "min": 0.440867668390274,
            "max": 0.49439234733581544,
            "count": 7
        },
        "CarBehaviour.Policy.GAILExpertEstimate.mean": {
            "value": 0.5493645826975505,
            "min": 0.506999800602595,
            "max": 0.5558501342932384,
            "count": 7
        },
        "CarBehaviour.Policy.GAILExpertEstimate.sum": {
            "value": 0.5493645826975505,
            "min": 0.506999800602595,
            "max": 0.5558501342932384,
            "count": 7
        },
        "CarBehaviour.Losses.GAILLoss.mean": {
            "value": 1.2481486558914185,
            "min": 1.2481486558914185,
            "max": 1.3725147167841594,
            "count": 7
        },
        "CarBehaviour.Losses.GAILLoss.sum": {
            "value": 1.2481486558914185,
            "min": 1.2481486558914185,
            "max": 1.3725147167841594,
            "count": 7
        },
        "CarBehaviour.Policy.GAILBeta.mean": {
            "value": 0.37372302611668906,
            "min": 0.2753535250822703,
            "max": 0.37372302611668906,
            "count": 7
        },
        "CarBehaviour.Policy.GAILBeta.sum": {
            "value": 0.37372302611668906,
            "min": 0.2753535250822703,
            "max": 0.37372302611668906,
            "count": 7
        },
        "CarBehaviour.Losses.GAILKLLoss.mean": {
            "value": 0.6491330027580261,
            "min": 0.5112840910752614,
            "max": 45.7943515141805,
            "count": 7
        },
        "CarBehaviour.Losses.GAILKLLoss.sum": {
            "value": 0.6491330027580261,
            "min": 0.5112840910752614,
            "max": 45.7943515141805,
            "count": 7
        },
        "CarBehaviour.Policy.GAILGradMagLoss.mean": {
            "value": 5.460950183868408,
            "min": 5.460950183868408,
            "max": 9.94288412729899,
            "count": 7
        },
        "CarBehaviour.Policy.GAILGradMagLoss.sum": {
            "value": 5.460950183868408,
            "min": 5.460950183868408,
            "max": 9.94288412729899,
            "count": 7
        },
        "CarBehaviour.Losses.PretrainingLoss.mean": {
            "value": 0.0,