{
    "name": "root",
    "gauges": {
        "CarBehaviour.Policy.Entropy.mean": {
            "value": 0.5845967531204224,
            "min": 0.4391402006149292,
            "max": 2.8866076469421387,
            "count": 10
        },
        "CarBehaviour.Policy.Entropy.sum": {
            "value": 5958.2099609375,
            "min": 4475.716796875,
            "max": 29743.60546875,
            "count": 10
        },
        "CarBehaviour.Step.mean": {
            "value": 99984.0,
            "min": 9984.0,
            "max": 99984.0,
            "count": 10
        },
        "CarBehaviour.Step.sum": {
            "value": 99984.0,
            "min": 9984.0,
            "max": 99984.0,
            "count": 10
        },
        "CarBehaviour.Policy.ExtrinsicValueEstimate.mean": {
            "value": -0.4487093687057495,
            "min": -0.6964472532272339,
            "max": 0.6000209450721741,
            "count": 10
        },
        "CarBehaviour.Policy.ExtrinsicValueEstimate.sum": {
            "value": -70.89608001708984,
            "min": -108.64576721191406,
            "max": 93.603271484375,
            "count": 10
        },
        "CarBehaviour.Policy.GailValueEstimate.mean": {
            "value": 28.146533966064453,
            "min": 0.14432699978351593,
            "max": 73.96360778808594,
            "count": 10
        },
        "CarBehaviour.Policy.GailValueEstimate.sum": {
            "value": 4447.15234375,
            "min": 22.515010833740234,
            "max": 11686.25,
            "count": 10
        },
        "CarBehaviour.IsTraining.mean": {
            "value": 1.0,
            "min": 1.0,
            "max": 1.0,
            "count": 10
        },
        "CarBehaviour.IsTraining.sum": {
            "value": 1.0,
            "min": 1.0,
            "max": 1.0,
            "count": 10
        },
        "CarBehaviour.Losses.PolicyLoss.mean": {
            "value": 0.047655465343450484,
            "min": 0.045662448466842996,
            "max": 0.05322626518997519,
            "count": 9
        },
        "CarBehaviour.Losses.PolicyLoss.sum": {
            "value": 0.047655465343450484,
            "min": 0.045662448466842996,
            "max": 0.05322626518997519,
            "count": 9
        },
        "CarBehaviour.Losses.ValueLoss.mean": {
            "value": 8.331385433673859,
            "min": 8.331385433673859,
            "max": 71.10165443420411,
            "count": 9
        },
        "CarBehaviour.Losses.ValueLoss.sum": {
            "value": 8.331385433673859,
            "min": 8.331385433673859,
            "max": 71.10165443420411,
            "count": 9
        },
        "CarBehaviour.Policy.LearningRate.mean": {
            "value": 0.00024355201881600007,
            "min": 0.00024355201881600007,
            "max": 0.00029381760206079996,
            "count": 9
        },
        "CarBehaviour.Policy.LearningRate.sum": {
            "value": 0.00024355201881600007,
            "min": 0.00024355201881600007,
            "max": 0.00029381760206079996,
            "count": 9
        },
        "CarBehaviour.Policy.Epsilon.mean": {
            "value": 0.181184,
            "min": 0.181184,
            "max": 0.1979392,
            "count": 9
        },
        "CarBehaviour.Policy.Epsilon.sum": {
            "value": 0.181184,
            "min": 0.181184,
            "max": 0.1979392,
            "count": 9
        },
        "CarBehaviour.Policy.Beta.mean": {
            "value": 0.00040780160000000016,
            "min": 0.00040780160000000016,
            "max": 0.00048990208,
            "count": 9
        },
        "CarBehaviour.Policy.Beta.sum": {
            "value": 0.00040780160000000016,
            "min": 0.00040780160000000016,
            "max": 0.00048990208,
            "count": 9
        },
        "CarBehaviour.Policy.GAILPolicyEstimate.mean": {
            "value": 0.1785036110629638,
            "min": 0.15166631934604025,
            "max": 0.4003229416906834,
            "count": 9
        },
        "CarBehaviour.Policy.GAILPolicyEstimate.sum": {
            "value": 0.1785036110629638,
            "min": 0.15166631934604025,
            "max": 0.4003229416906834,
            "count": 9
        },
        "CarBehaviour.Policy.GAILExpertEstimate.mean": {
            "value": 0.7911121646563212,
            "min": 0.7135467703749494,
            "max": 0.7919385980784408,
            "count": 9
        },
        "CarBehaviour.Policy.GAILExpertEstimate.sum": {
            "value": 0.7911121646563212,
            "min": 0.7135467703749494,
            "max": 0.7919385980784408,
            "count": 9
        },
        "CarBehaviour.Losses.GAILLoss.mean": {
            "value": 0.4660465898613135,
            "min": 0.4285786297263169,
            "max": 0.8318978900710742,
            "count": 9
        },
        "CarBehaviour.Losses.GAILLoss.sum": {
            "value": 0.4660465898613135,
            "min": 0.4285786297263169,
            "max": 0.8318978900710742,
            "count": 9
        },
        "CarBehaviour.Policy.GAILGradMagLoss.mean": {
            "value": 0.19201621133834124,
            "min": 0.1738050535200088,
            "max": 6.710682408014933,
            "count": 9
        },
        "CarBehaviour.Policy.GAILGradMagLoss.sum": {
            "value": 0.19201621133834124,
            "min": 0.1738050535200088,
            "max": 6.710682408014933,
            "count": 9
        },
        "CarBehaviour.Losses.PretrainingLoss.mean": {
            "value": 0.183283537447962,
            "min": 0.183283537447962,
            "max": 0.3679622324103983,
            "count": 9
        },
        "CarBehaviour.Losses.PretrainingLoss.sum": {
            "value": 0.183283537447962,
            "min": 0.183283537447962,
            "max": 0.3679622324103983,
            "count": 9
        },
        "CarBehaviour.Environment.EpisodeLength.mean": {
            "value": 2799.0,
            "min": 2799.0,
            "max": 2799.0,
            "count": 5
        },
        "CarBehaviour.Environment.EpisodeLength.sum": {
            "value": 19593.0,
            "min": 19593.0,
            "max": 19593.0,
            "count": 5
        },
        "CarBehaviour.Environment.CumulativeReward.mean": {
            "value": -116.38572307143893,
            "min": -116.38572307143893,
            "max": -31.828573316335678,
            "count": 5
        },
        "CarBehaviour.Environment.CumulativeReward.sum": {
            "value": -814.7000615000725,
            "min": -814.7000615000725,
            "max": -222.80001321434975,
            "count": 5
        },
        "CarBehaviour.Policy.ExtrinsicReward.mean": {
            "value": -11.638572231999465,
            "min": -11.638572231999465,
            "max": -3.182857345789671,
            "count": 5
        },
        "CarBehaviour.Policy.ExtrinsicReward.sum": {
            "value": -81.47000562399626,
            "min": -81.47000562399626,
            "max": -22.280001420527697,
            "count": 5
        },
        "CarBehaviour.Policy.GailReward.mean": {
            "value": 686.4031678267887,
            "min": 627.674027136394,
            "max": 1702.3866151060377,
            "count": 5
        },
        "CarBehaviour.Policy.GailReward.sum": {
            "value": 4804.822174787521,
            "min": 4393.718189954758,
            "max": 11916.706305742264,
            "count": 5
        }
    },
    "metadata": {
        "timer_format_version": "0.1.0",
        "start_time_seconds": "1713618040",
        "python_version": "3.9.13 (tags/v3.9.13:6de2ca5, May 17 2022, 16:36:42) [MSC v.1929 64 bit (AMD64)]",
        "command_line_arguments": "D:\\unity\\gammmm\\Copy-Car\\venv\\Scripts\\mlagents-learn config/carBehaviour.yaml --run-id=car ML 28 --time-scale 9",
        "mlagents_version": "0.30.0",
        "mlagents_envs_version": "0.30.0",